domain,url_count,quality_score,cultural_relevance_score,confidence,reasoning,priority,sample_urls
www.loom.com,102,0.5,0.0,0.5,Medium value domain requiring human assessment,NORMAL,https://www.loom.com/sh=; https://www.loom.com/share/d75418f05b7341a58aefffa40a10ab06; https://www.loom.com/share/16bd35d6822441c39fa8d72eddfc3b78=
www.w3.org,85,0.5,0.0,0.5,Medium value domain requiring human assessment,NORMAL,https://www.w3.org/1999/xhtml; http://www.w3.org/1999/xhtml; http://www.w3.org/TR/xhtml1/DTD/xhtml1-transitional.dtd
calendly.com,49,0.5,0.0,0.5,Medium value domain requiring human assessment,NORMAL,https://calendly.com/cancellations/HGXCGVEVV6YJGSFL; https://calendly.com/reschedulings/HGXCGVEVV6YJGSFL; https://calendly.com/res=
coachingnocodeapps.wufoo.com,47,0.5,0.0,0.5,Medium value domain requiring human assessment,NORMAL,https://coachingnocodeapps.wufoo.com/forms/z18k6uft0grqxr8/; https://coachingnocodeapps.wufoo.com/forms/z1pok34v1ruqrqe; https://coachingnocodeapps.wufoo.com/forms/kwr2dv81f778su/
www.strategyzer.com,38,0.5,0.0,0.5,Medium value domain requiring human assessment,NORMAL,https://www.strategyzer.com/e2t/sc2/MmZ-8ykzq0xW64=; https://www.strategyzer.com/e2t/=; https://www.strategyzer.com/e2t/sc2/MmZ-8ykzq0xW64KLRz4L-LgjW8YvLqj5t9m5lW=
section4.acemlna.com,34,0.5,0.0,0.5,Medium value domain requiring human assessment,NORMAL,http://section4.acemlna.com/proc.php?nl=2&c=229&m=313&s=e59751a47306668d343733e63cd99b32&act=unsub; https://section4.acemlna.com/lt.php?s=e59751a47306668d343733e63cd99b32&i=229A313A2A4822; https://section4.acemlna.com/lt.php?s=e59751a47306668d343733e63cd99b32&i=229A313A2A4825
info.blackswanltd.com,32,0.5,0.022727272727272728,0.5,Medium value domain requiring human assessment,NORMAL,https://info.blackswanltd.com/e2t/sc2/MmZ-8yk7s3hW71S=; https://info.blackswanltd.com/hs/manage-pref=; https://info.blackswanltd.com/e2t/sc2/=
links.fbztrk.com,31,0.5,0.0,0.5,Medium value domain requiring human assessment,NORMAL,https://links.fbztrk.com/c/cP3/2Qs/1NKQwKsthb86usp5PRuh_y/Fa/cxI=; https://links.fbztrk.com/c/cP3/2Q5/1NKQwKst=; https://links.fbztrk.com/c/cP3/2QO/1NKQwKsthb86usp5PRuh_y/Fa/cxIp/F/521cc26=
www.google.com,30,0.5,0.0,0.5,Medium value domain requiring human assessment,NORMAL,https://www.google.com/url?q=3Dhttps%3A%2F%2Fzoom.us%2Fj%3D; https://www.google.com/calendar/; https://www.google.com/calendar/=
twitter.com,29,0.5,0.0,0.5,Medium value domain requiring human assessment,NORMAL,https://twitter.com/dollarsanddata); https://twitter.com/founding; https://twitter.com/extracrunch
bts.thinkific.com,27,0.5,0.0,0.5,Medium value domain requiring human assessment,NORMAL,https://bts.thinkific.com/courses/take/office-hour-recordings/texts/13000624-thursday-may-21st; https://bts.thinkific.com/courses/take/office-hour-recordings/texts/12962776-monday-may-18th; https://bts.thinkific.com/courses/take/office-hour-recordings/texts/13000438-tuesday-may-19th
calendar.google.com,27,0.5,0.0,0.5,Medium value domain requiring human assessment,NORMAL,https://calendar.google.com/calendar/event?action=3DVIEW; https://calendar.google.com/calendar/event?action=3DVIEW&eid=3DNzR1Y%3D; https://calendar.google.com/calendar/event?action=3DRESPOND
click.convertkit-mail4.com,27,0.5,0.0,0.5,Medium value domain requiring human assessment,NORMAL,https://click.convertkit-mail4.com/5qu0dpql5lt7hvpqnvmb7/owhkhqh49863ewfv/a=; https://click.convertkit-mail4.com/5qu0dpql5lt7hvpqnvmb7/08hwh9hme79o0dhl/a=; https://click.convertkit-mail4.com/5qu0dpql5lt7hvpqnvmb7/e0hph7hkvnl9x6t8/a=
s3.amazonaws.com,25,0.5,0.0,0.5,Medium value domain requiring human assessment,NORMAL,https://s3.amazonaws.com/slideshare-email-assets/framework/emai=; https://s3.amazonaws.com/slideshare-email-assets/header-bg.jpg; https://s3.amazonaws.com/slideshare-email-assets/=
click.fourhourmail.com,25,0.5,0.0,0.5,Medium value domain requiring human assessment,NORMAL,https://click.fourhourmail.com/5qud3zmq3qu7h3m763al/n2hohvhod97pl8u6/aHR0cH=; https://click.fourhourmail.com/5qud3zmq3qu7h3m763al/7qh7h8h4g2n7n3cz/aHR0cH=; https://click.fourhourmail.com/5qud3zmq3qu7h3m763al/wnh2hghoz20pl4f7/aHR0cH=
url6878.bubble.io,24,0.5,0.0,0.5,Medium value domain requiring human assessment,NORMAL,http://url6878.bubble.io/ls/click?upn=3DxH7MOmXPF0zTxC4%3D; http://url6878.bubble.io/ls/click?upn=3DxH7MOmXPF0zTxC4eIi-2FUT9QywU-2F8m0%3D; http://url6878.bubble.io/ls/=
graphitefinancial.com,24,0.25,0.0,0.5,Medium value domain requiring human assessment,NORMAL,https://graphitefinancial.com/workshop/; https://graphitefinancial.com/workshop/); https://graphitefinancial.com/startup-pitch/)
email.mg2.substack.com,23,0.5,0.0,0.5,Medium value domain requiring human assessment,NORMAL,https://email.mg2.substack.com/c/eJwtkdGO4yAMRb9m8kZFIAnpAw_zMr8RmeBpPJtA=; https://email.mg2.substack.com/c/eJwlUMuOhCAQ_Bo5mgYV9cBhL_MbBq=; https://email.mg2.substack.com/c/eJwlUEuOwyAMPU=
www.linkedin.com,22,0.5,0.0,0.5,Medium value domain requiring human assessment,NORMAL,https://www.linkedin.com/Slidebean; https://www.linkedin.com/Slidebean; https://www.linkedin.com/company/11822151/admin/)
stripe-images.s3.amazonaws.com,20,0.5,0.0,0.5,Medium value domain requiring human assessment,NORMAL,https://stripe-images.s3.amazonaws.com/emails/=; https://stripe-images.s3.amazonaws.com/notific=; https://stripe-images.s3.amazonaws.com/emails/receipt_assets/card/mas=
www.=,20,0.5,0.0,0.5,Medium value domain requiring human assessment,NORMAL,https://www.=; http://www.=; https://www.=
zoom.us,20,0.5,0.0,0.5,Medium value domain requiring human assessment,NORMAL,https://zoom.us/j/6250406044; https://zoom.us/j/6250406044; https://zoom.us/j/6250406044
linkmktg.cutimes.com,19,0.5,0.0,0.5,Medium value domain requiring human assessment,NORMAL,https://linkmktg.cutimes.com/click/20927536.3277/aHR0cHM6Ly93d3cu=; https://linkmktg.cutimes.com/click/20927536.3277/aHR0cH=; https://linkmktg.cutimes.com/click/20927536.3277/aHR0cDovL2N1=
www.slideshare.net,18,0.5,0.0,0.5,Medium value domain requiring human assessment,NORMAL,https://www.slideshare.net/who-to-follow-on-slideshare?contactee=3D%3D; https://www.slideshare.net/na=; http://www.slideshare.net/who-to-follow-on-slideshare?contactee=3D%3D
zeroqode.com,18,0.5,0.0,0.5,Medium value domain requiring human assessment,NORMAL,https://zeroqode.com/native; https://zeroqode.com/courses; https://zeroqode.com/plugins/
coachingnocodeapps.acemlna.com,16,0.5,0.0,0.5,Medium value domain requiring human assessment,NORMAL,https://coachingnocodeapps.acemlna.com/lt.php?s=3Decc5188029db0fdd09fbe%3D; http://coachingnocodeapps.acemlna.com/proc.php?nl=3D4&c=3D194; https://coachingnocodeapps.acemlna.com/lt.php?nl=3D4&c=3D194&m=3D224
el2.convertkit-mail4.com,16,0.5,0.0,0.5,Medium value domain requiring human assessment,NORMAL,https://el2.convertkit-mail4.com/c/xmu37448ms6hxm0z8s6/m2h7h5hnr8l7d6/aHR0c=; https://el2.convertkit-mail4.com/c/xmu37448ms6hxm0z8s6/kkhxe8p7i6h97lo3k2/a=; https://el2.convertkit-mail4.com/c/xmu37448ms6hxm0z8s6/9qhzhnh27pelop/aHR0c=
coachingnocodeapps.com,15,0.5,0.0,0.5,Medium value domain requiring human assessment,NORMAL,https://coachingnocodeapps.com; https://coachingnocodeapps.com/built-to-scale...; https://coachingnocodeapps.com/built-to-scale
eventing.coursera.org,15,0.5,0.0,0.5,Medium value domain requiring human assessment,NORMAL,https://eventing.coursera.org/redirectSigned/eyJ=; https://eventing.coursera.org/redirectSigned/eyJrZXkiOiJlbWF=; https://eventing.coursera.org/redirectSigned/eyJrZXkiOiJlbWFpbC5saW5rLm=
urldefense.com,15,0.5,0.0,0.5,Medium value domain requiring human assessment,NORMAL,https://urldefense.com/v3/__https:/glo=; https://urldefense.com/v3/__https:/global.gotowebina=; https://urldefense.com/v3/__https:/attendee.gotowebinar.co=
=,14,0.5,0.0,0.5,Medium value domain requiring human assessment,NORMAL,https://=; https://=; https://=
section4.activehosted.com,14,0.5,0.0,0.5,Medium value domain requiring human assessment,NORMAL,http://section4.activehosted.com/proc.php?nl=2&amp%3Bc=595&amp%3Bm=705&amp%3Bs=e59751a47306668d343733e63cd99b32&amp%3Bact=unsub; http://section4.activehosted.com/proc.php?nl=2&amp%3Bc=876&amp%3Bm=992&amp%3Bs=e59751a47306668d343733e63cd99b32&amp%3Bact=unsub; http://section4.activehosted.com/proc.php?nl=2&amp%3Bc=985&amp%3Bm=1114&amp%3Bs=e59751a47306668d343733e63cd99b32&amp%3Bact=unsub
dashboard.coachingnocodeapps.com,13,0.5,0.0,0.5,Medium value domain requiring human assessment,NORMAL,http://dashboard.coachingnocodeapps.com/built-to-scale; https://dashboard.coachingnocodeapps.com/bts-office-hours-calendar; https://dashboard.coachingnocodeapps.com/bts-office-hours-calendar
www.youtube.com,13,0.5,0.0,0.5,Medium value domain requiring human assessment,NORMAL,https://www.youtube.com/watch?v=3D_BLcKX%3D; https://www.youtube.com/watch?v=3D_BLcKXre-AQ; https://www.youtube.com/watch?v=3DyzR36izK2As%3D0A
www.epsilontheory.com,13,0.5,0.0,0.5,Medium value domain requiring human assessment,NORMAL,https://www.epsilontheory.com/; https://www.epsilontheory.com/the-green-protocol-a-new-vision-for-=; https://www.epsilontheory.com/in-praise-of-bitcoin/=0D=
click.convertkit-mail2.com,13,0.5,0.0,0.5,Medium value domain requiring human assessment,NORMAL,https://click.convertkit-mail2.com/k0uxxvkmrds2unq2xzfl/n2hohvhod0r5dza6/aH=; https://click.convertkit-mail2.com/k0uxxvkmrds2unq2xzfl/48hvheh2o8gqoxux/aH=; https://click.convertkit-mail2.com/27un957n02s9ud3dpls3/p8h8wdrktqu9lgm5k4f=
t.e2ma.net,12,0.5,0.0,0.5,Medium value domain requiring human assessment,NORMAL,https://t.e2ma.net/click/jlkrkn/nwnsx3w/jd6ezkg); https://t.e2ma.net/click/jlkrkn/nwnsx=; https://t.e2ma.net/click/jlkrkn/nwnsx3w/fy7ezkg)
therapackelawgroup.acemlna.com,11,0.5,0.0,0.5,Medium value domain requiring human assessment,NORMAL,http://therapackelawgroup.acemlna.com/proc.php?nl=12&c=62&m=127&s=d2f60c417eecb32534391d80e39b8c09&act=unsub; https://therapackelawgroup.acemlna.com/lt.php?s=d2f60c417eecb32534391d80e39b8c09&i=62A127A12A338; https://therapackelawgroup.acemlna.com/lt.php?s=d2f60c417eecb32534391d80e39b8c09&i=100A225A12A516
clicks.aweber.com,11,0.5,0.0,0.5,Medium value domain requiring human assessment,NORMAL,https://clicks.aweber.com/y/ct/?l=3DBZK4a&m=3D3zq.QZ.cdnKeOhO&b=3Dle8cl6_3S%3D; https://clicks.aweber.com/y/ct/?l=3DBZK4a&m=3D3zq.QZ.cdnKeOhO&b=3DincFib1xH%3D; https://clicks.aweber.com/y/ct/?l=3DBZK4a&m=3D3zq.QZ.cdnKeOhO&b=3DX_zNkRkC_%3D
fonts.googleapis.com,10,0.5,0.0,0.5,Medium value domain requiring human assessment,NORMAL,https://fonts.googleapis.com/=; https://fonts.googleapis.com/=; https://fonts.googleapis.com/=
w=,10,0.5,0.0,0.5,Medium value domain requiring human assessment,NORMAL,https://w=; http://w=; http://w=
fi.co,10,0.5,0.022727272727272728,0.5,Medium value domain requiring human assessment,NORMAL,https://fi.co/insight/black-american-startup-resource-list-200-accelerator=; https://fi.co/startupwebinar/458); https://fi.co/events)
cdn.slidesharecdn.com,10,0.5,0.0,0.5,Medium value domain requiring human assessment,NORMAL,https://cdn.slidesharecdn.com/ss_thumbnails/25pric=; http://cdn.slidesharecdn.com/profile-photo-nasscom-emerge-96x96.jpg; https://cdn.slidesharecdn.com/ss_thumbnails/10chal=
techcrunch.com,10,0.5,0.0,0.5,Medium value domain requiring human assessment,NORMAL,https://techcrunch.com/extracrunch/; https://techcrunch.com/2019/09/25/inside-the-venture-capital-recruiting-pr=; https://techcrunch.com/2020/02/14/the-six-strategic-stages-of-seed-fundrai=
wp.me,10,0.5,0.0,0.5,Medium value domain requiring human assessment,NORMAL,https://wp.me/pbRvtl-6yj; https://wp.me/pbRvtl-6yn; https://wp.me/pbRvtl-6ym
trello.com,9,0.5,0.0,0.5,Medium value domain requiring human assessment,NORMAL,https://trello.com/b/lWLmJQ6D/mingus-trello-board; https://trello.com/b/lWLmJQ6D/mingus-trello-board; https://trello.com/b/lWLmJQ6D/mingus-trello-board
email.slidesharecdn.com,9,0.5,0.0,0.5,Medium value domain requiring human assessment,NORMAL,http://email.slidesharecdn.com/fra=; http://email.slidesharecdn.com/framework/email-body-bg.png); http://email.slidesharecdn.com/framework=
el2.convertkit-mail.com,9,0.5,0.0,0.5,Medium value domain requiring human assessment,NORMAL,https://el2.convertkit-mail.com/c/k0u050e2lpt6h48w4qfl/08hwh9h73g4249/aHR0c=; https://el2.convertkit-mail.com/c/92ug2eklzpfnhn9rpph9/kkhmh6h9xrdgm7/aHR0c=; https://el2.convertkit-mail.com/c/92ug2eklzpfnhn9rpph9/6qheh8h29zkvo4/aHR0c=
click.convertkit-mail.com,9,0.5,0.0,0.5,Medium value domain requiring human assessment,NORMAL,https://click.convertkit-mail.com/lmuk9k4lgpbmhql833f6/x0hph6h7g5l826a5/aHR=; https://click.convertkit-mail.com/lmuk9k4lgpbmhql833f6/dpheh0h73lmz69bm/aHR=; https://click.convertkit-mail.com/8ku9g58wqlsohnnnr0uk/6qheh8hp67g6wdao/aHR=
schema=,9,0.5,0.0,0.5,Medium value domain requiring human assessment,NORMAL,http://schema=; http://schema=; http://schema=
www.gtalumni.org,9,0.5,0.0,0.5,Medium value domain requiring human assessment,NORMAL,https://www.gtalumni.org/s/1481/alumni/19/interi=; https://www.gtalumni.org/s/1481/alumni/19/interior.aspx; https://www.gtalumni.org/s/1481/alumni/19/i=
stripe.com,8,0.5,0.0,0.5,Medium value domain requiring human assessment,NORMAL,https://stripe.com; https://stripe.com; https://stripe.com
www.priceintelligently.com,8,0.5,0.0,0.5,Medium value domain requiring human assessment,NORMAL,https://www.priceintelligently.com/hs/manage-pre=; https://www.priceintelligently.com/hs/manage-preferences/u=; https://www.priceintelligently.com/e2t/sc2/MmZ-8yklgnWW8f1sc87Gmt3lW98hp_D7=
preferences.convertkit-mail.com,8,0.5,0.0,0.5,Medium value domain requiring human assessment,NORMAL,https://preferences.convertkit-mail.com/k0u050e2lpt6h48w4qfl; https://preferences.convertkit-mail.com/92ug2eklzpfnhn9rpph9; https://preferences.convertkit-mail.com/68ur4oq4oh8h0r8kwso
unsubscribe.convertkit-mail.com,8,0.5,0.0,0.5,Medium value domain requiring human assessment,NORMAL,https://unsubscribe.convertkit-mail.com/k0u050e2lpt6h48w4qfl; https://unsubscribe.convertkit-mail.com/92ug2eklzpfnhn9rpph9; https://unsubscribe.convertkit-mail.com/68ur4oq4oh8h0r8kwso
dandapanillc.acemlna.com,8,0.5,0.0,0.5,Medium value domain requiring human assessment,NORMAL,https://dandapanillc.acemlna.com/lt.php?s=1cb11750353239537d192efb045bae84&i=417A1222A9A6615; https://dandapanillc.acemlna.com/lt.php?s=1cb11750353239537d192efb045bae84&i=417A1222A9A6610; https://dandapanillc.acemlna.com/lt.php?s=1cb11750353239537d192efb045bae84&i=417A1222A9A6613
unsubscribe.convertkit-mail2.com,8,0.5,0.0,0.5,Medium value domain requiring human assessment,NORMAL,https://unsubscribe.convertkit-mail2.com/k0uxxvkmrds2unq2xzfl; https://unsubscribe.convertkit-mail2.com/27un957n02s9ud3dpls3; https://unsubscribe.convertkit-mail2.com/xmu5p6d06oh3ueo6vri5
mailchi.mp,7,0.5,0.0,0.5,Medium value domain requiring human assessment,NORMAL,https://mailchi.mp/0c54875c10aa/how-much-=; https://mailchi.mp/thegatheringspot/tgs-l=; https://mailchi.mp/240416a3f902/how-much-=
www.instagram.com,7,0.5,0.0,0.5,Medium value domain requiring human assessment,NORMAL,https://www.instagram.com/NickMaggiulli/); https://www.instagram.com/founding/; https://www.instagram.com/p/CMz=
bubble.io,7,0.5,0.0,0.5,Medium value domain requiring human assessment,NORMAL,https://bubble.io/page?type=3Dpage&name=3Dtest&id=3Dretail-%3D; https://bubble.io/page?name=3Dindex&id=3Dm%3D; https://bubble.io/page?type=3Dpage&name=3Dtest&id=3Dretail-v1
tel.meet,7,0.5,0.0,0.5,Medium value domain requiring human assessment,NORMAL,https://tel.meet/rbp-zsij-hxr?pin=3D78906987513%3D; https://tel.meet/ivo-jcgf-kxw; https://tel.meet/ivo-jcgf-kxw?pin=17563981343
vimeo.com,7,0.5,0.0,0.5,Medium value domain requiring human assessment,NORMAL,https://vimeo.com/285779781/a885e38b5b; https://vimeo.com/285779781/a885e38b5b=0A; https://vimeo.com/432627344/fcec8741ac
preferences.convertkit-mail2.com,7,0.5,0.0,0.5,Medium value domain requiring human assessment,NORMAL,https://preferences.convertkit-mail2.com/k0uxxvkmrds2unq2xzfl; https://preferences.convertkit-mail2.com/xmu5p6d06oh3ueo6vri5; https://preferences.convertkit-mail2.com/mvul3p7xk5s5hlx8vnfm
i.imgur.com,7,0.5,0.0,0.5,Medium value domain requiring human assessment,NORMAL,https://i.imgur.com/z7SLR4P.png; https://i.imgur.com/gjRUv10.png; https://i.imgur.com/BtkOeiF.png
docs.google.com,6,0.5,0.0,0.5,Medium value domain requiring human assessment,NORMAL,https://docs.google.com/spreadsheets/d/=; https://docs.google.com/spreadshee=; https://docs.google.com/spreadsheets/d/1AdsFG8gWyqRkgDWEBdCsANN5ECZ7OmN-j8Rx4A-shqI/edit
www=,6,0.5,0.0,0.5,Medium value domain requiring human assessment,NORMAL,http://www=; http://www=; http://www=
www.slideshare.ne=,6,0.5,0.0,0.5,Medium value domain requiring human assessment,NORMAL,http://www.slideshare.ne=; https://www.slideshare.ne=; http://www.slideshare.ne=
www.slideshar=,6,0.5,0.0,0.5,Medium value domain requiring human assessment,NORMAL,https://www.slideshar=; http://www.slideshar=; https://www.slideshar=
www.w3.o=,6,0.5,0.0,0.5,Medium value domain requiring human assessment,NORMAL,http://www.w3.o=; https://www.w3.o=; http://www.w3.o=
www.slidesh=,6,0.5,0.0,0.5,Medium value domain requiring human assessment,NORMAL,https://www.slidesh=; http://www.slidesh=; https://www.slidesh=
u14099064.ct.sendgrid.net,6,0.5,0.0,0.5,Medium value domain requiring human assessment,NORMAL,https://u14099064.ct.sendgrid.net/ls/click?upn=xK88SLZsf70CC2PkXuAC32NFtZ8p9OSRugxJNAde7G9ChCxWjdD3eNghpqyHX8X2iP3Q6zgSyY-2Fc2PMlH7SELwRFYNBAAEvu6RIfjauzdlIGaHT9XBGff-2FYDfNIk517ojydSMZYEmyoobzknra4rL0fPfqHM-2FtMuW9Z84fJ7qTZZ3LbeQ7vbKy0ytiBMmG2NckBeVK2qB6nyLt9P8I-2BWQjIIp5hTZleKJqb1nVp-2B7NNWKwdKAFvCuaRyYUbe-2FG-2FcM1RiE527wCeakxC1bZiHYptuWz7QGmU6q4Th7CSinlyEniitXkmIs63mEgVLV7-2BUZpd85PveIyL9JgNG9bjOkiEpEqsaPhMILLPkj8WrEPLz1eqDaT3LreTItxuebRP-2FlGqD_-2BUiTGW3WMIVqQhCLqacjDis-2F3R1GE82b7txDLK5Gmx-2Br1dQH0AQxiHTrdRb3qEMLbJawFSnA0Yx3T4OipmrlAcTvpz92Eq10QwuccjiMpCQgfUztWYl5EgvCEbF6hDJ4kJO1smKfpxOMG6zNFfZfjYv0o-2Fc41grxoDQR6p35PneGIEkXLpEb2-2F0Xp-2F3Upu9UhKBxDvWGOh8Obtw-2BGMFfh79sUTLXpsBF-2F3EyEsOQGWE-3D; https://u14099064.ct.sendgrid.net/ls/click?upn=xK88SLZsf70CC2PkXuAC32NFtZ8p9OSRugxJNAde7G9ChCxWjdD3eNghpqyHX8X2iP3Q6zgSyY-2Fc2PMlH7SELwRFYNBAAEvu6RIfjauzdlIGaHT9XBGff-2FYDfNIk517ojydSMZYEmyoobzknra4rL0fPfqHM-2FtMuW9Z84fJ7qTZZ3LbeQ7vbKy0ytiBMmG2NckBeVK2qB6nyLt9P8I-2BWQjIIp5hTZleKJqb1nVp-2B7NNWKwdKAFvCuaRyYUbe-2FG-2FcM1RiE527wCeakxC1bZiHYptuWz7QGmU6q4Th7CSinlyEniitXkmIs63mEgVLV7-2BU6OSupBFqrzXW3U73p72kFJ623tjc7PFzVFHA2gyt7MU-3DrUUB_-2BUiTGW3WMIVqQhCLqacjDis-2F3R1GE82b7txDLK5Gmx-2Br1dQH0AQxiHTrdRb3qEMLbJawFSnA0Yx3T4OipmrlAUMWONpJexrcRAG1-2FCCPXGL0ojCx9QMbTxOG1FwdNUq79aqqa-2BvoDS85QGEuzIUMVOeXuEGA9kvuHuE3Jt7PlPk-2BEJpBhfq4SY2uPZ1aV04EQpgwX-2F2aaAaJ43z9kgEBli5WZRneA1xhNTCidMrUrFA-3D; https://u14099064.ct.sendgrid.net/ls/click?upn=xK88SLZsf70CC2PkXuAC32NFtZ8p9OSRugxJNAde7G9ChCxWjdD3eNghpqyHX8X2iP3Q6zgSyY-2Fc2PMlH7SELwRFYNBAAEvu6RIfjauzdlIGaHT9XBGff-2FYDfNIk517ojydSMZYEmyoobzknra4rL0fPfqHM-2FtMuW9Z84fJ7qTZZ3LbeQ7vbKy0ytiBMmG2NckBeVK2qB6nyLt9P8I-2BWQjIIp5hTZleKJqb1nVp-2B7NNWKwdKAFvCuaRyYUbe-2FG-2FcM1RiE527wCeakxC1bZiHYnhKgvrx8dIWr3GLRwFMAfG5bll4kcfyKiNbFwP2mPtcK7-o_-2BUiTGW3WMIVqQhCLqacjDis-2F3R1GE82b7txDLK5Gmx-2Br1dQH0AQxiHTrdRb3qEMLbJawFSnA0Yx3T4OipmrlAW2BSkC-2BV4vzlnZQXXCQL2t6qA0p6o2Yu-2BeBT-2FDrIdnYdhC95IDB8ylFoK0fabaQLyjjRouoO8K5vvfYBObDCTadgZoIt4Z47T0glvwAORZwVZCbjOtSrdqDVHXs2WMWnAMofXmRL8i0jHSwUQ5b9Q8-3D
cdn-images.mailchimp.com,6,0.5,0.0,0.5,Medium value domain requiring human assessment,NORMAL,https://cdn-images.mailchimp.com/icon=; https://cdn-images.mailchimp.com/icons/soci=; https://cdn-images.mailchimp.com/ic=
un.cr,6,0.5,0.0,0.5,Medium value domain requiring human assessment,NORMAL,https://un.cr/autodromointereuropawatch; https://un.cr/jamesbrandmehlvillecarabi; https://un.cr/reigningchampringspuntshi
mindforapps.com,6,0.5,0.0,0.5,Medium value domain requiring human assessment,NORMAL,https://mindforapps.com/our_portfolio; https://mindforapps.com/get_started; https://mindforapps.com/info
sc=,6,0.5,0.0,0.5,Medium value domain requiring human assessment,NORMAL,http://sc=; http://sc=; http://sc=
calendar.googl=,6,0.5,0.0,0.5,Medium value domain requiring human assessment,NORMAL,https://calendar.googl=; https://calendar.googl=; https://calendar.googl=
meet.google.com,6,0.5,0.0,0.5,Medium value domain requiring human assessment,NORMAL,https://meet.google.com/ivo-jcgf-kxw; https://meet.google.com/ivo-jcg=; https://meet.google.com/iiy-kxmg-vai?hs=3D224
github.com,6,0.5,0.0,0.5,Medium value domain requiring human assessment,NORMAL,https://github.com/settings/connections/applications/061fd810c023e6ffec1b; https://github.com/contact; https://github.com/settings/security-log
forms.gorick.com,6,0.5,0.0,0.5,Medium value domain requiring human assessment,NORMAL,https://forms.gorick.com/askgorick); https://forms.gorick.com/askgorick)=; https://forms.gorick.com/askgorick)
pages.awscloud.com,6,0.5,0.0,0.5,Medium value domain requiring human assessment,NORMAL,https://pages.awscloud.com/rs/112-TZM-766/images/Blog_G=; https://pages.awscloud.com/rs/112-TZM-766/images/YouTub=; https://pages.awscloud.com/rs/112-TZM-766/images/Facebo=
www.acquisition.com,6,0.5,0.0,0.5,Medium value domain requiring human assessment,NORMAL,https://www.acquisition.com/hs/preferences-center/en/direct; https://www.acquisition.com/e3t/Ctc/W+113/d2wK6Z04=; https://www.acquisition.com/hs/preferences-center/en/page
dashboard.stripe.com,5,0.5,0.0,0.5,Medium value domain requiring human assessment,NORMAL,https://dashboard.stripe.com/emails/receipts/pmtrc_1Gj8tPECz=; https://dashboard.stripe.com/emails/receipts/pmtrc_1GvkVQECz=; https://dashboard.stripe.com/emails/receipts/pmtrc_1GgcxmECz=
ofdollarsanddata.us7.list-manage=,5,0.5,0.0,0.5,Medium value domain requiring human assessment,NORMAL,https://ofdollarsanddata.us7.list-manage=; https://ofdollarsanddata.us7.list-manage=; https://ofdollarsanddata.us7.list-manage=
ofdollarsanddata.com,5,0.5,0.0,0.5,Medium value domain requiring human assessment,NORMAL,https://ofdollarsanddata.com/racial-wea=; https://ofdollarsanddata.com/how-to-save-f=; https://ofdollarsanddata.com/
ofdollarsanddata.us7.list-mana=,5,0.5,0.0,0.5,Medium value domain requiring human assessment,NORMAL,https://ofdollarsanddata.us7.list-mana=; https://ofdollarsanddata.us7.list-mana=; https://ofdollarsanddata.us7.list-mana=
ofdollarsanddata.com),5,0.5,0.0,0.5,Medium value domain requiring human assessment,NORMAL,http://ofdollarsanddata.com); http://ofdollarsanddata.com); http://ofdollarsanddata.com)
humbledollar.com=,5,0.5,0.0,0.5,Medium value domain requiring human assessment,NORMAL,https://humbledollar.com=; https://humbledollar.com=; https://humbledollar.com=
hu=,5,0.5,0.0,0.5,Medium value domain requiring human assessment,NORMAL,https://hu=; https://hu=; https://hu=
humbledollar.c=,5,0.5,0.0,0.5,Medium value domain requiring human assessment,NORMAL,https://humbledollar.c=; https://humbledollar.c=; https://humbledollar.c=
www.nytimes.com,5,0.5,0.0,0.5,Medium value domain requiring human assessment,NORMAL,https://www.nytimes.com/2021/05/31/style/metal-de=; https://www.nytimes.com/2=; https://www.nytimes.com/2021/06/02/world/middleeas=
url6515.burritoapps.com,5,0.5,0.0,0.5,Medium value domain requiring human assessment,NORMAL,http://url6515.burritoapps.com/ls/click=; http://url6515.burritoapps.com/ls/c=; http://url6515.burritoapps.com/ls/click
efiles.webengage.com,5,0.5,0.0,0.5,Medium value domain requiring human assessment,NORMAL,https://efiles.webengage.com/cdn-cgi/image/q=3D70/images/58add216/tick%20i=; https://efiles.webengage.com/cdn-cgi/image/q=3D70/images/58add21=; https://efiles.webengage.com/cdn=
www.coachingnocodeapps.com,4,0.5,0.0,0.5,Medium value domain requiring human assessment,NORMAL,https://www.coachingnocodeapps.com; https://www.coachingnocodeapps.com; https://www.coachingnocodeapps.com
www.w=,4,0.5,0.0,0.5,Medium value domain requiring human assessment,NORMAL,https://www.w=; https://www.w=; https://www.w=
www.us1.list-manage.com,4,0.5,0.0,0.5,Medium value domain requiring human assessment,NORMAL,https://www.us1.list-manage.com/profile?u=3Da67%3D; https://www.us1.list-manage.com/about?u=3Da67c4487fff%3D; https://www.us1.list-manage.com/unsubscribe?u=3Da67c4487%3D
coachin=,4,0.5,0.0,0.5,Medium value domain requiring human assessment,NORMAL,https://coachin=; https://coachin=; https://coachin=
support.google.com,4,0.5,0.0,0.5,Medium value domain requiring human assessment,NORMAL,https://support.google.com/calendar/answer/37135#=; https://support.google.com/calendar/answer/37135#fo=; https://support.google.com/calendar/answer/37135#forwarding
schem=,4,0.5,0.0,0.5,Medium value domain requiring human assessment,NORMAL,http://schem=; http://schem=; http://schem=
www.twitter.com,4,0.5,0.0,0.5,Medium value domain requiring human assessment,NORMAL,http://www.twitter.com/gatheringspots); https://www.twitter.com/gatheringspots); http://www.twitter.com/)
humbledollar=,4,0.5,0.0,0.5,Medium value domain requiring human assessment,NORMAL,https://humbledollar=; https://humbledollar=; https://humbledollar=
humbledollar.co=,4,0.5,0.0,0.5,Medium value domain requiring human assessment,NORMAL,https://humbledollar.co=; https://humbledollar.co=; https://humbledollar.co=
humbledollar.=,4,0.5,0.0,0.5,Medium value domain requiring human assessment,NORMAL,https://humbledollar.=; https://humbledollar.=; https://humbledollar.=
ofdoll=,4,0.5,0.0,0.5,Medium value domain requiring human assessment,NORMAL,https://ofdoll=; https://ofdoll=; https://ofdoll=
boards.greenhouse.io,4,0.5,0.0,0.5,Medium value domain requiring human assessment,NORMAL,https://boards.greenhouse.io/meetelise/jobs/5183086002)=; https://boards.greenhouse.io/meetelise/jobs/50=; https://boards.greenhouse.io/meetelise/jobs/4=
www.mindforapps.com,4,0.5,0.0,0.5,Medium value domain requiring human assessment,NORMAL,https://www.mindforapps.com; http://www.mindforapps.com; https://www.mindforapps.com
link.trends.co,4,0.5,0.0,0.5,Medium value domain requiring human assessment,NORMAL,https://link.trends.co/img/5ff6db3e9a0e0e472752f78bet=; https://link.trends.co/click/24896225.255089/aHR0cHM6Ly90cmVuZHMuY28v=; https://link.trends.co/click/24896225.255089/aHR0cHM6Ly90c=
invest.pacaso.com,4,0.5,0.0,0.5,Medium value domain requiring human assessment,NORMAL,https://invest.pacaso.com/; https://invest.pacaso.com/; https://invest.pacaso.com/
59.email.stripe.com,4,0.5,0.0,0.5,Medium value domain requiring human assessment,NORMAL,https://59.email.stripe.com/CL0/https:%2F%2Fd=; https://59.email.stripe.com/CL0/https:%2F%2Fp=; https://59.email.stripe.com/CL0/https:%=
s3.a=,3,0.5,0.0,0.5,Medium value domain requiring human assessment,NORMAL,https://s3.a=; https://s3.a=; https://s3.a=
co=,3,0.5,0.0,0.5,Medium value domain requiring human assessment,NORMAL,https://co=; https://co=; https://co=
click.outbound.surveymonkey.com,3,0.5,0.0,0.5,Medium value domain requiring human assessment,NORMAL,http://click.outbound.surveymonkey.com/q/R4DzQT9Q6rSZTC5LZJXQEg~~/AAAAAQA~/RgRgps7mPlcMc3VydmV5bW9ua2V5QgoAKuZJxF55rg45Uhpqb2hubmllX3dhdHNvbl8zcmRAbWFjLmNvbVgEAAAABQ~~; http://click.outbound.surveymonkey.com/q/jzH7kd9q6urGuzD8F9FH9w~~/AAAAAQA~/RgRgtTGWPlcMc3VydmV5bW9ua2V5QgoAJ5as0l6LX1NiUhpqb2hubmllX3dhdHNvbl8zcmRAbWFjLmNvbVgEAAAABQ~~; http://click.outbound.surveymonkey.com/q/EdNi2JjHC7hG-6dqf08Kgw~~/AAAAAQA~/RgRgqnMgPlcMc3VydmV5bW9ua2V5QgoAICDux16HmsK2Uhpqb2hubmllX3dhdHNvbl8zcmRAbWFjLmNvbVgEAAAABQ~~
login.bloomberg.com,3,0.5,0.0,0.5,Medium value domain requiring human assessment,NORMAL,https://login.bloomberg.com/subscript=; https://login.bloomberg.com/subscript=; https://login.bloomberg.com/subscript=
link=,3,0.5,0.0,0.5,Medium value domain requiring human assessment,NORMAL,https://link=; https://link=; https://link=
www.theatlantic.com,3,0.5,0.0,0.5,Medium value domain requiring human assessment,NORMAL,https://www.theatlantic.com/magazine/archi=; https://www.theatlantic.com/ideas/archive/2021/06/capitol-rioters-=; https://www.theatlantic.com/family/archive/2021/06/=
www.slideshare.net=,3,0.5,0.0,0.5,Medium value domain requiring human assessment,NORMAL,https://www.slideshare.net=; https://www.slideshare.net=; https://www.slideshare.net=
email.slidesharecdn.co=,3,0.5,0.0,0.5,Medium value domain requiring human assessment,NORMAL,http://email.slidesharecdn.co=; http://email.slidesharecdn.co=; http://email.slidesharecdn.co=
emai=,3,0.5,0.0,0.5,Medium value domain requiring human assessment,NORMAL,http://emai=; http://emai=; http://emai=
www.slideshare.n=,3,0.5,0.0,0.5,Medium value domain requiring human assessment,NORMAL,https://www.slideshare.n=; https://www.slideshare.n=; https://www.slideshare.n=
www.texascapitalbank.com,3,0.25,0.0,0.5,Medium value domain requiring human assessment,NORMAL,https://www.texascapitalbank.com/what-we-offer/business-solutions/treasu=; https://www.texascapitalbank.com/what-we-=; https://www.texascapitalbank.com/what-we-offer/business-solutions/treasury-=
coachingnocodeapps.c=,3,0.5,0.0,0.5,Medium value domain requiring human assessment,NORMAL,https://coachingnocodeapps.c=; https://coachingnocodeapps.c=; https://coachingnocodeapps.c=
WWW.GOOGLE.COM,3,0.5,0.0,0.5,Medium value domain requiring human assessment,NORMAL,https://WWW.GOOGLE.COM/CALENDAR/EVENT?ACTION=3DRESPOND&EID=3D%3D; https://WWW.GOOGLE.COM/CALENDAR/EVENT?ACTION=3DRES%3D; https://WWW.GOOGLE.COM/CALENDAR/EVENT
getvero.s3.amazonaws.com,3,0.5,0.0,0.5,Medium value domain requiring human assessment,NORMAL,https://getvero.s3.amazonaws.com/uploads%2F9e7c75da=; https://getvero.s3.amazonaws.com/uploads%2F9e7c=; https://getvero.s3.amazonaws.com/uploads%2F9e7c75=
www.aweber.com,3,0.5,0.0,0.5,Medium value domain requiring human assessment,NORMAL,https://www.aweber.com/z/r/; https://www.aweber.com/z/r/; https://www.aweber.com/z/r/
sch=,3,0.5,0.0,0.5,Medium value domain requiring human assessment,NORMAL,http://sch=; http://sch=; http://sch=
schema.=,3,0.5,0.0,0.5,Medium value domain requiring human assessment,NORMAL,http://schema.=; http://schema.=; http://schema.=
instagram.com,3,0.5,0.0,0.5,Medium value domain requiring human assessment,NORMAL,http://instagram.com/thegatheringspots); https://instagram.com/Slidebean; https://instagram.com/Slidebean
di209.infusion-links.com,3,0.5,0.0,0.5,Medium value domain requiring human assessment,NORMAL,https://di209.infusion-links.com/a=; https://di209.infusion-links.com/api/v1/click/5220548468277248/56012026=; https://di209.infusion-links.com/api/v1/click=
policies.oath.com,3,0.5,0.0,0.5,Medium value domain requiring human assessment,NORMAL,https://policies.oath.com/ca/en/oath/privacy/index.html; https://policies.oath.com/ie/en/oath/privacy/index.html; https://policies.oath.com/us/en/oath/privacy/index.html
d1yoaun8syyxxt.cloudfront.net,3,0.5,0.0,0.5,Medium value domain requiring human assessment,NORMAL,https://d1yoaun8syyxxt.cloudfront.net/tx227-=; https://d1yoaun8syyxxt.cloudfront.net/cu262-e2b62061-c54a-4d08-afa2-ee6f5e=; https://d1yoaun8syyxxt.cloudfront.net/cu262-4cf5dd69-c3ca-45bd-acbd-5=
ac.danielleleslie.com,3,0.5,0.0,0.5,Medium value domain requiring human assessment,NORMAL,https://ac.danielleleslie.com/lt.php?s=5dc1d51f5dd973c8a211cf8af3785e0a&i=1389A1715A175A7328; https://ac.danielleleslie.com/lt.php?s=5dc1d51f5dd973c8a211cf8af3785e0a&i=1389A1715A175A7325; https://ac.danielleleslie.com/proc.php?nl=175&c=1389&m=1715&s=5dc1d51f5dd973c8a211cf8af3785e0a&act=unsub
us3.campaign-archive.com,3,0.5,0.0,0.5,Medium value domain requiring human assessment,NORMAL,https://us3.campaign-archive.com/?e=3Da18daae366&u=3D383aaca5ff52f014f446ef1d2&id=3D5a17f31fe8%29; https://us3.campaign-archive.com/?e=3Da18daae366&u=3D383aaca5ff52f014f446ef1d2&id=3D9d4543126d%29; https://us3.campaign-archive.com/?e=3Da18daae366&u=3D383aaca5ff52f014f446ef1d2&id=3Dffbbfbba57%29
mailchi.us3.list-man=,3,0.5,0.0,0.5,Medium value domain requiring human assessment,NORMAL,https://mailchi.us3.list-man=; https://mailchi.us3.list-man=; https://mailchi.us3.list-man=
p-wjfzvv1.t4.n0.cdn.getcloudapp.com,3,0.5,0.0,0.5,Medium value domain requiring human assessment,NORMAL,https://p-wjfzvv1.t4.n0.cdn.getcloudapp.com/items/mXu6P77N/smili=; https://p-wjfzvv1.t4.n0.cdn.getcloudapp.com/items/8Lur9Zd8/pensi=; https://p-wjfzvv1.t4.n0.cdn.getcloudapp.com/items/YEuyPvvN/smili=
graphitefi=,3,0.5,0.0,0.5,Medium value domain requiring human assessment,NORMAL,https://graphitefi=; https://graphitefi=; https://graphitefi=
cu262.infusion-links.com,3,0.5,0.0,0.5,Medium value domain requiring human assessment,NORMAL,https://cu262.infusion-links.com/api/v1/click/61892365316=; https://cu262.infusion-links.com/api/v1/click/627586=; https://cu262.infusion-links.com/api/v1/click/668257=
www.fitmind.co,3,0.5,0.0,0.5,Medium value domain requiring human assessment,NORMAL,https://www.fitmind.co/podcast-collection=; https://www.fitmind.co/podcast-collecti=; https://www.fitmind.co/blog-collection/s=
dev=,3,0.5,0.0,0.5,Medium value domain requiring human assessment,NORMAL,https://dev=; https://dev=; https://dev=
ncubesoftware.com,3,0.5,0.0,0.5,Medium value domain requiring human assessment,NORMAL,https://ncubesoftware.com; https://ncubesoftware.com?ns_url=3D12y&amp%3Bmid=3D647; https://ncubesoftware.com?fluentcrm=3D1&route=3Dopen&_e_hash=3D%3D
calend=,3,0.5,0.0,0.5,Medium value domain requiring human assessment,NORMAL,https://calend=; https://calend=; https://calend=
www.go=,3,0.5,0.0,0.5,Medium value domain requiring human assessment,NORMAL,https://www.go=; https://www.go=; https://www.go=
www.epsilontheory.com=0D,3,0.5,0.0,0.5,Medium value domain requiring human assessment,NORMAL,https://www.epsilontheory.com=0D; https://www.epsilontheory.com=0D; https://www.epsilontheory.com=0D
forum.epsilontheory.com,3,0.5,0.0,0.5,Medium value domain requiring human assessment,NORMAL,https://forum.epsilontheory.com/=C2=A0to; https://forum.epsilontheory.com/t/i-weep-for-the-futu=; https://forum.epsilontheory.com/t/labor-shortages/1435/=0D
supabase.com,3,0.5,0.0,0.5,Medium value domain requiring human assessment,NORMAL,https://supabase.com/doc; https://supabase.com/dashboard/new; https://supabase.com/docs/guides/examples
ampsp.webengage.co,3,0.5,0.0,0.5,Medium value domain requiring human assessment,NORMAL,https://ampsp.webengage.co/f/a/ygoLqaCWFKl1asm9TVEkUw~~/AAQNhxA~/B=; https://ampsp.webengage.co/q/O0rtCzy=; https://ampsp.webengage.co/f/a/W8TOWexN73XReTLH0B1wxw=
www.parents.com,3,0.5,0.0,0.5,Medium value domain requiring human assessment,NORMAL,https://www.parents.com/gen-z-parents-dont-want-to-read-to-th=; https://www.parents.com/gen-z-parents=; https://www.parents.com/gen-z-parents-dont-wan=
resend.com,3,0.5,0.0,0.5,Medium value domain requiring human assessment,NORMAL,https://resend.com; https://resend.com/help; https://resend.com/help)
coachingnocodeapps.imgus11.com,2,0.5,0.0,0.5,Medium value domain requiring human assessment,NORMAL,https://coachingnocodeapps.imgus11.com/publi=; https://coachingnocodeapps.imgus11.com/public=
www.atlassian.com,2,0.5,0.0,0.5,Medium value domain requiring human assessment,NORMAL,https://www.atlassian.com/software/trello; https://www.atlassian.com
confluence.atlassian.com,2,0.5,0.0,0.5,Medium value domain requiring human assessment,NORMAL,https://confluence.atlassian.com/cloud/your-a=; https://confluence.atlassian.com/cloud/your-atlassia=
id.atlassian.com,2,0.5,0.0,0.5,Medium value domain requiring human assessment,NORMAL,https://id.atlassian.com/ve=; https://id.atlassian.com/verify-=
c=,2,0.5,0.0,0.5,Medium value domain requiring human assessment,NORMAL,https://c=; https://c=
coachingnocodeapp=,2,0.5,0.0,0.5,Medium value domain requiring human assessment,NORMAL,http://coachingnocodeapp=; https://coachingnocodeapp=
youtu.be,2,0.5,0.0,0.5,Medium value domain requiring human assessment,NORMAL,https://youtu.be/gAkHno6Xaes; https://youtu.be/X6kLNdZgjYk
www.capitalone.com,2,0.5,0.0,0.5,Medium value domain requiring human assessment,NORMAL,https://www.capitalone.com/contac=; https://www.capitalone.com/contact.=
www.pri=,2,0.5,0.0,0.5,Medium value domain requiring human assessment,NORMAL,https://www.pri=; https://www.pri=
wellsfargoworks.com,2,0.5,0.0,0.5,Medium value domain requiring human assessment,NORMAL,https://wellsfargoworks.com/competitive-i=; https://wellsfargoworks.com/competitive-intelligence-tool-2?ind=3D8372
conference.americanbanker.com,2,0.5,0.0,0.5,Medium value domain requiring human assessment,NORMAL,http://conference.americanbanker.com/conf=; http://conference.americanbanker.com/conferences/sbb10/
www.loom.c=,2,0.5,0.0,0.5,Medium value domain requiring human assessment,NORMAL,https://www.loom.c=; https://www.loom.c=
coach=,2,0.5,0.0,0.5,Medium value domain requiring human assessment,NORMAL,https://coach=; https://coach=
coachingnoc=,2,0.5,0.0,0.5,Medium value domain requiring human assessment,NORMAL,https://coachingnoc=; http://coachingnoc=
www.google.=,2,0.5,0.0,0.5,Medium value domain requiring human assessment,NORMAL,https://www.google.=; https://www.google.=
meet.google.=,2,0.5,0.0,0.5,Medium value domain requiring human assessment,NORMAL,https://meet.google.=; https://meet.google.=
ww=,2,0.5,0.0,0.5,Medium value domain requiring human assessment,NORMAL,https://ww=; https://ww=
www.loo=,2,0.5,0.0,0.5,Medium value domain requiring human assessment,NORMAL,https://www.loo=; https://www.loo=
dd7tel2830j4w.cloudfront.net,2,0.5,0.0,0.5,Medium value domain requiring human assessment,NORMAL,https://dd7tel2830j4w.cloudfront.net/f1528189334419x320092500187456600/b-t=; https://dd7tel2830j4w.cloudfront.net/f1528189334419x320092500187456600/b-t=
gallery.mailchimp.com,2,0.5,0.0,0.5,Medium value domain requiring human assessment,NORMAL,https://gallery.mailchimp.com/0110024258cb866c107=; https://gallery.mailchimp.com/0110024258cb866c107=
coa=,2,0.5,0.0,0.5,Medium value domain requiring human assessment,NORMAL,https://coa=; https://coa=
www.danielleleslie.com,2,0.5,0.0,0.5,Medium value domain requiring human assessment,NORMAL,https://www.danielleleslie.com; http://www.danielleleslie.com
us9.forward-to-friend.com,2,0.5,0.0,0.5,Medium value domain requiring human assessment,NORMAL,http://us9.forward-to-friend.com/forward?u=3Db25dcec6d763ccdc1dd23ef31; http://us9.forward-to-friend.com/forwa=
schema.org=,2,0.5,0.0,0.5,Medium value domain requiring human assessment,NORMAL,http://schema.org=; http://schema.org=
thegatheringspot.club,2,0.5,0.0,0.5,Medium value domain requiring human assessment,NORMAL,https://thegatheringspot.club/lifestyle/; https://thegatheringspot.club/lifestyle-participation/
club.us11.list-manage.com,2,0.5,0.0,0.5,Medium value domain requiring human assessment,NORMAL,https://club.us11.list-manage.com/unsubs=; https://club.us11.list-manage.com/prof=
linkmktg.alm.com,2,0.5,0.0,0.5,Medium value domain requiring human assessment,NORMAL,https://linkmktg.alm.com/click/20927536.3277/aHR0cHM6Ly=; https://linkmktg.alm.com/click/20927536.3277/aHR0cHM6Ly93d3=
u=,2,0.5,0.0,0.5,Medium value domain requiring human assessment,NORMAL,https://u=; https://u=
uncrate.com,2,0.5,0.0,0.5,Medium value domain requiring human assessment,NORMAL,https://uncrate.com/assets_c/2020/06=; https://uncrate.com/assets_c/2020/07=
www.leyendecker.com,2,0.5,0.0,0.5,Medium value domain requiring human assessment,NORMAL,https://www.leyendecker.com; https://www.leyendecker.com
info.b=,2,0.5,0.0,0.5,Medium value domain requiring human assessment,NORMAL,https://info.b=; https://info.b=
preferences.convertkit-mail4.com,2,0.5,0.0,0.5,Medium value domain requiring human assessment,NORMAL,https://preferences.convertkit-mail4.com/xmu37448ms6hxm0z8s6; https://preferences.convertkit-mail4.com/5qu0dpql5lt7hvpqnvmb7
unsubscribe.convertkit-mail4.com,2,0.5,0.0,0.5,Medium value domain requiring human assessment,NORMAL,https://unsubscribe.convertkit-mail4.com/xmu37448ms6hxm0z8s6; https://unsubscribe.convertkit-mail4.com/5qu0dpql5lt7hvpqnvmb7
www.saas-capital.com,2,0.5,0.0,0.5,Medium value domain requiring human assessment,NORMAL,http://www.saas-capital.com/; http://www.saas-capital.com
www.slidebean.com,2,0.5,0.0,0.5,Medium value domain requiring human assessment,NORMAL,https://www.slidebean.com/; https://www.slidebean.com/
tx227.infusion-links.com,2,0.5,0.0,0.5,Medium value domain requiring human assessment,NORMAL,https://tx227.infusion-links.com/api/v1/click/51673654510=; https://tx227.infusion-links.com/api/v1/click/58320109=
humbledo=,2,0.5,0.0,0.5,Medium value domain requiring human assessment,NORMAL,https://humbledo=; https://humbledo=
links.fbztrk.co=,2,0.5,0.0,0.5,Medium value domain requiring human assessment,NORMAL,https://links.fbztrk.co=; https://links.fbztrk.co=
cdn.f=,2,0.5,0.0,0.5,Medium value domain requiring human assessment,NORMAL,https://cdn.f=; https://cdn.f=
links.fbztr=,2,0.5,0.0,0.5,Medium value domain requiring human assessment,NORMAL,https://links.fbztr=; https://links.fbztr=
h=,2,0.5,0.0,0.5,Medium value domain requiring human assessment,NORMAL,https://h=; https://h=
mailchi.us3.list-=,2,0.5,0.0,0.5,Medium value domain requiring human assessment,NORMAL,https://mailchi.us3.list-=; https://mailchi.us3.list-=
mailchi.us3.list-manage=,2,0.5,0.0,0.5,Medium value domain requiring human assessment,NORMAL,https://mailchi.us3.list-manage=; https://mailchi.us3.list-manage=
mailch=,2,0.5,0.0,0.5,Medium value domain requiring human assessment,NORMAL,https://mailch=; https://mailch=
mailchi.u=,2,0.5,0.0,0.5,Medium value domain requiring human assessment,NORMAL,https://mailchi.u=; https://mailchi.u=
mailchi.us3.list=,2,0.5,0.0,0.5,Medium value domain requiring human assessment,NORMAL,https://mailchi.us3.list=; https://mailchi.us3.list=
www.kiwitech.com,2,0.5,0.0,0.5,Medium value domain requiring human assessment,NORMAL,https://www.kiwitech.com/crypto-blockchain-venture-fair); https://www.kiwitech.com/crypto-blockchain-venture-fair
www.sogalventures=,2,0.5,0.0,0.5,Medium value domain requiring human assessment,NORMAL,http://www.sogalventures=; https://www.sogalventures=
www.facebook.c=,2,0.5,0.0,0.5,Medium value domain requiring human assessment,NORMAL,https://www.facebook.c=; http://www.facebook.c=
www.facebo=,2,0.5,0.0,0.5,Medium value domain requiring human assessment,NORMAL,https://www.facebo=; http://www.facebo=
www.fa=,2,0.5,0.0,0.5,Medium value domain requiring human assessment,NORMAL,http://www.fa=; https://www.fa=
www.faceboo=,2,0.5,0.0,0.5,Medium value domain requiring human assessment,NORMAL,https://www.faceboo=; http://www.faceboo=
www.facebook.com=,2,0.5,0.0,0.5,Medium value domain requiring human assessment,NORMAL,https://www.facebook.com=; http://www.facebook.com=
www.facebook.=,2,0.5,0.0,0.5,Medium value domain requiring human assessment,NORMAL,https://www.facebook.=; http://www.facebook.=
app.e2ma.net,2,0.5,0.0,0.5,Medium value domain requiring human assessment,NORMAL,https://app.e2ma.net/app2/audience/signup/1856621/=; https://app.e2ma.net/app2/audience/signup/1=
r=,2,0.5,0.0,0.5,Medium value domain requiring human assessment,NORMAL,https://r=; https://r=
www.thedailyupside.com,2,0.5,0.0,0.5,Medium value domain requiring human assessment,NORMAL,https://www.thedailyupside.com/; https://www.thedailyupside.com/
fitmind.us19.list-manage.com,2,0.5,0.0,0.5,Medium value domain requiring human assessment,NORMAL,https://fitmind.us19.list-manage.com/uns=; https://fitmind.us19.list-manage.com/p=
mvp.dev,2,0.5,0.0,0.5,Medium value domain requiring human assessment,NORMAL,https://mvp.dev/bubb=; https://mvp.dev/bubble-io
u19474363.ct.sendgrid.net,2,0.5,0.0,0.5,Medium value domain requiring human assessment,NORMAL,https://u19474363.ct.sendgrid.net/wf/unsubscribe?upn=3DYSbL-2%3D; https://u19474363.ct.sendgrid.net/wf/unsubscribe?upn=3DYSbL-2%3D
secure.helpscout.net,2,0.5,0.0,0.5,Medium value domain requiring human assessment,NORMAL,https://secure.helpscout.net/satisfac=; https://secure.helpscout.net/satisfaction/2710=
pipedrive-mail-signature-live-fr.s3.=,2,0.5,0.0,0.5,Medium value domain requiring human assessment,NORMAL,https://pipedrive-mail-signature-live-fr.s3.=; https://pipedrive-mail-signature-live-fr.s3.=
theupstarters.com,2,0.5,0.0,0.5,Medium value domain requiring human assessment,NORMAL,https://theupstarters.com; https://theupstarters.com/past-works
www.dot2globe.com,2,0.5,0.0,0.5,Medium value domain requiring human assessment,NORMAL,https://www.dot2globe.com; https://www.dot2globe.com/
u4155056.ct.sendgrid.net,2,0.5,0.0,0.5,Medium value domain requiring human assessment,NORMAL,https://u4155056.ct.sendgrid.net/ls/click?upn=3Dbwi93xeksuGU26GkMY1owc6%3D; https://u4155056.ct.sendgrid.net/ls/click?upn=3D%3D
wegetdesign.com,2,0.5,0.0,0.5,Medium value domain requiring human assessment,NORMAL,https://wegetdesign.com/; https://wegetdesign.com/
www.m=,2,0.5,0.0,0.5,Medium value domain requiring human assessment,NORMAL,http://www.m=; https://www.m=
dev.zeroqode.com,2,0.5,0.0,0.5,Medium value domain requiring human assessment,NORMAL,https://dev.zeroqode.com/; https://dev.zeroqode.com/
pipedrive-m=,2,0.5,0.0,0.5,Medium value domain requiring human assessment,NORMAL,https://pipedrive-m=; https://pipedrive-m=
pipedrive-mail-signature-live-fr.s3.eu-central-1.amazonaws.=,2,0.5,0.0,0.5,Medium value domain requiring human assessment,NORMAL,https://pipedrive-mail-signature-live-fr.s3.eu-central-1.amazonaws.=; https://pipedrive-mail-signature-live-fr.s3.eu-central-1.amazonaws.=
zeroqode.=,2,0.5,0.0,0.5,Medium value domain requiring human assessment,NORMAL,https://zeroqode.=; https://zeroqode.=
us06web.zoom.us,2,0.5,0.0,0.5,Medium value domain requiring human assessment,NORMAL,https://us06web.zoom.us/j/87607915615; https://us06web.zoom.us/u/kceFeBsNSJ
ca=,2,0.5,0.0,0.5,Medium value domain requiring human assessment,NORMAL,https://ca=; https://ca=
support.goog=,2,0.5,0.0,0.5,Medium value domain requiring human assessment,NORMAL,https://support.goog=; https://support.goog=
calendly.c,2,0.5,0.0,0.5,Medium value domain requiring human assessment,NORMAL,https://calendly.c; https://calendly.c
calenda=,2,0.5,0.0,0.5,Medium value domain requiring human assessment,NORMAL,https://calenda=; https://calenda=
calendar.g=,2,0.5,0.0,0.5,Medium value domain requiring human assessment,NORMAL,https://calendar.g=; https://calendar.g=
www.uberconference.com,2,0.5,0.0,0.5,Medium value domain requiring human assessment,NORMAL,https://www.uberconference.com/room/z=; https://www.uberconference.com/room/zeroqode
calendar.google.co,2,0.5,0.0,0.5,Medium value domain requiring human assessment,NORMAL,https://calendar.google.co; https://calendar.google.co
lifehacker.com,2,0.5,0.0,0.5,Medium value domain requiring human assessment,NORMAL,https://lifehacker.com/3-ingredient-dinner-recipes-for-when-youre-=; https://lifehacker.com/3-ingredient-dinne=
express.adobe.com,2,0.5,0.0,0.5,Medium value domain requiring human assessment,NORMAL,https://express.adobe.com/sp/design-remix/post/SevbnsWKaT=; https://express.adobe.com/sp/design-remix=
www.bankdirector.com,2,0.5,0.0,0.5,Medium value domain requiring human assessment,NORMAL,https://www.bankdirector.com/issues/bank-ma/fintech-acquisitions-are-r=; https://www.bankdirector.com/issues/bank-=
bigthink.com,2,0.5,0.0,0.5,Medium value domain requiring human assessment,NORMAL,https://bigthink.com/neuropsych/assholes-=; https://bigthink.com/ne=
gettheelevator.com,2,0.5,0.0,0.5,Medium value domain requiring human assessment,NORMAL,https://gettheelevator.com/archives; http://gettheelevator.com/editorial
www.fatherly.com,2,0.5,0.0,0.5,Medium value domain requiring human assessment,NORMAL,https://www.fatherly.com/life/outdoor-skills-every-kid-should-know; https://www.fatherly.com/life/outdoor-skills-every-kid-sho=
rotdig.com,2,0.5,0.0,0.5,Medium value domain requiring human assessment,NORMAL,http://rotdig.com/4icd; http://rotdig.com/7tox
t.dripemail2.com,2,0.5,0.0,0.5,Medium value domain requiring human assessment,NORMAL,https://t.dripemail2.com/c/eyJhbGciOiJIUzI1NiJ9.eyJhdWQiOiJkZXRvdXIiLCJpc=; https://t.dripemail2.com/c/eyJhbGciOiJIUzI1NiJ9.eyJhdW=
aws.amazon.com,2,0.5,0.0,0.5,Medium value domain requiring human assessment,NORMAL,https://aws.amazon.com/resources/; https://aws.amazon.com/support
www.wired.com,2,0.5,0.0,0.5,Medium value domain requiring human assessment,NORMAL,https://www.wired.com/story/generative-ai-b=; https://www.wired.com/sto=
gatech.co1.qualtrics.com,2,0.5,0.0,0.5,Medium value domain requiring human assessment,NORMAL,https://gatech.co1.qualtrics.com/jfe/form/SV_bO948Lve=; https://gatech.co1.qualtrics.com/jfe/form/SV_bO948Lvex0mCaou
gtf.imodules.com,2,0.5,0.0,0.5,Medium value domain requiring human assessment,NORMAL,https://gtf.imodules.com/controls/email_marketin=; https://gtf.imodules.com?sid=3D1481
magic.beehiiv.com,2,0.5,0.0,0.5,Medium value domain requiring human assessment,NORMAL,https://magic.beehiiv.com/v1/faa6a747-8c1c-43c1-8155-91=; https://magic.beehiiv.com/v1/faa6a747-8c1c=
worksonmymachine.ai,2,0.5,0.0,0.5,Medium value domain requiring human assessment,NORMAL,https://worksonmymachine.ai/p/mcp-an-accidentally-unive=; https://worksonmymachine.ai/p/mcp-an-accidentally-u=
www.oneusefulthing.org,2,0.5,0.0,0.5,Medium value domain requiring human assessment,NORMAL,https://www.oneusefulthing.org/p/gpt-5-it-just-does-stu=; https://www.oneusefulthing.org/p/gpt-5-it-just-does=
smbtech.au,2,0.5,0.022727272727272728,0.5,Medium value domain requiring human assessment,NORMAL,https://smbtech.au/thought-leadership/exploring-the-impact-of-mcp-=; https://smbtech.au/thought-leadership/exploring-the-imp=
links.brendon.com,2,0.5,0.0,0.5,Medium value domain requiring human assessment,NORMAL,https://links.brendon.com/a/329/unsubscribe/10490477/708551725/2323a0f5ae=; https://links.brendon.com/a/329/=
files.stripe.com,2,0.5,0.0,0.5,Medium value domain requiring human assessment,NORMAL,https://files.stripe.com/files/MDB8YWNjdF8xTFY2RWtKRUJ6UXBtQTR=; https://files.stripe.com/files/MDB8YWNjdF8xTFY2RWt=
id-mail-assets.prod.at=,1,0.5,0.0,0.5,Medium value domain requiring human assessment,NORMAL,https://id-mail-assets.prod.at=
id-mail-assets.=,1,0.5,0.0,0.5,Medium value domain requiring human assessment,NORMAL,https://id-mail-assets.=
id-mail-assets.prod.atl-paas.net,1,0.5,0.0,0.5,Medium value domain requiring human assessment,NORMAL,https://id-mail-assets.prod.atl-paas.net/shared/id-summit/id-summi=
coachingnocodeapps.acemlna.co=,1,0.5,0.0,0.5,Medium value domain requiring human assessment,NORMAL,https://coachingnocodeapps.acemlna.co=
coachingnocodeapps.aceml=,1,0.5,0.0,0.5,Medium value domain requiring human assessment,NORMAL,https://coachingnocodeapps.aceml=
link.mail.bloombe=,1,0.5,0.0,0.5,Medium value domain requiring human assessment,NORMAL,https://link.mail.bloombe=
link.mail=,1,0.5,0.0,0.5,Medium value domain requiring human assessment,NORMAL,https://link.mail=
link.mail.blo=,1,0.5,0.0,0.5,Medium value domain requiring human assessment,NORMAL,https://link.mail.blo=
link.mail.=,1,0.5,0.0,0.5,Medium value domain requiring human assessment,NORMAL,https://link.mail.=
www.bloomberg.com,1,0.5,0.0,0.5,Medium value domain requiring human assessment,NORMAL,https://www.bloomberg.com/opinion/articles/2020-05-26/twitter-spat-ov=
ponderwall.com,1,0.5,0.0,0.5,Medium value domain requiring human assessment,NORMAL,https://ponderwall.com/index.php/2019/06/=
link.mai=,1,0.5,0.0,0.5,Medium value domain requiring human assessment,NORMAL,https://link.mai=
link.=,1,0.5,0.0,0.5,Medium value domain requiring human assessment,NORMAL,https://link.=
link.mail.bloombergb=,1,0.5,0.0,0.5,Medium value domain requiring human assessment,NORMAL,https://link.mail.bloombergb=
humbledol=,1,0.5,0.0,0.5,Medium value domain requiring human assessment,NORMAL,https://humbledol=
dogoday.com,1,0.5,0.0,0.5,Medium value domain requiring human assessment,NORMAL,https://dogoday.com/2020/05/28/healthcare-heroes-small-door-wa=
itunes.apple.com,1,0.5,0.0,0.5,Medium value domain requiring human assessment,NORMAL,https://itunes.apple.com/us/podcast/founder-insights-podcast/id1441688684
www.u=,1,0.5,0.0,0.5,Medium value domain requiring human assessment,NORMAL,https://www.u=
emailda.com,1,0.5,0.0,0.5,Medium value domain requiring human assessment,NORMAL,http://emailda.com/)
www.onlinestartupevents.com,1,0.5,0.0,0.5,Medium value domain requiring human assessment,NORMAL,https://www.onlinestartupevents.com/)
www.lin=,1,0.5,0.0,0.5,Medium value domain requiring human assessment,NORMAL,https://www.lin=
app.p=,1,0.5,0.0,0.5,Medium value domain requiring human assessment,NORMAL,https://app.p=
www.capitalo=,1,0.5,0.0,0.5,Medium value domain requiring human assessment,NORMAL,https://www.capitalo=
www.capitalone.=,1,0.5,0.0,0.5,Medium value domain requiring human assessment,NORMAL,https://www.capitalone.=
link.mail.bloom=,1,0.5,0.0,0.5,Medium value domain requiring human assessment,NORMAL,https://link.mail.bloom=
lin=,1,0.5,0.0,0.5,Medium value domain requiring human assessment,NORMAL,https://lin=
link.m=,1,0.5,0.0,0.5,Medium value domain requiring human assessment,NORMAL,https://link.m=
e=,1,0.5,0.0,0.5,Medium value domain requiring human assessment,NORMAL,https://e=
5minutebookkeeping.=,1,0.5,0.0,0.5,Medium value domain requiring human assessment,NORMAL,http://5minutebookkeeping.=
www.sizeup.com,1,0.5,0.0,0.5,Medium value domain requiring human assessment,NORMAL,https://www.sizeup.com/help/faq
wellsfargoworks.co=,1,0.5,0.0,0.5,Medium value domain requiring human assessment,NORMAL,https://wellsfargoworks.co=
www.loom.co=,1,0.5,0.0,0.5,Medium value domain requiring human assessment,NORMAL,https://www.loom.co=
www.loom=,1,0.5,0.0,0.5,Medium value domain requiring human assessment,NORMAL,https://www.loom=
docs.googl=,1,0.5,0.0,0.5,Medium value domain requiring human assessment,NORMAL,https://docs.googl=
docs.google.=,1,0.5,0.0,0.5,Medium value domain requiring human assessment,NORMAL,https://docs.google.=
trello=,1,0.5,0.0,0.5,Medium value domain requiring human assessment,NORMAL,https://trello=
doc=,1,0.5,0.0,0.5,Medium value domain requiring human assessment,NORMAL,https://doc=
b=,1,0.5,0.0,0.5,Medium value domain requiring human assessment,NORMAL,https://b=
coachingnocod=,1,0.5,0.0,0.5,Medium value domain requiring human assessment,NORMAL,https://coachingnocod=
dashboard.coachingnocodeapps.c=,1,0.5,0.0,0.5,Medium value domain requiring human assessment,NORMAL,https://dashboard.coachingnocodeapps.c=
bts.th=,1,0.5,0.0,0.5,Medium value domain requiring human assessment,NORMAL,https://bts.th=
trell=,1,0.5,0.0,0.5,Medium value domain requiring human assessment,NORMAL,https://trell=
www.l=,1,0.5,0.0,0.5,Medium value domain requiring human assessment,NORMAL,https://www.l=
coac=,1,0.5,0.0,0.5,Medium value domain requiring human assessment,NORMAL,https://coac=
coachi=,1,0.5,0.0,0.5,Medium value domain requiring human assessment,NORMAL,https://coachi=
zoom=,1,0.5,0.0,0.5,Medium value domain requiring human assessment,NORMAL,https://zoom=
bts=,1,0.5,0.0,0.5,Medium value domain requiring human assessment,NORMAL,https://bts=
bts.thinkifi=,1,0.5,0.0,0.5,Medium value domain requiring human assessment,NORMAL,https://bts.thinkifi=
www.loom.com=,1,0.5,0.0,0.5,Medium value domain requiring human assessment,NORMAL,https://www.loom.com=
www.loom.=,1,0.5,0.0,0.5,Medium value domain requiring human assessment,NORMAL,https://www.loom.=
coachingnocodeapps.wu=,1,0.5,0.0,0.5,Medium value domain requiring human assessment,NORMAL,https://coachingnocodeapps.wu=
cdn-images.mailchimp.=,1,0.5,0.0,0.5,Medium value domain requiring human assessment,NORMAL,https://cdn-images.mailchimp.=
cdn-images.mailch=,1,0.5,0.0,0.5,Medium value domain requiring human assessment,NORMAL,https://cdn-images.mailch=
saastr.us=,1,0.5,0.0,0.5,Medium value domain requiring human assessment,NORMAL,http://saastr.us=
saastr.us9.list-manag=,1,0.5,0.0,0.5,Medium value domain requiring human assessment,NORMAL,http://saastr.us9.list-manag=
saastr.us9.list-mana=,1,0.5,0.0,0.5,Medium value domain requiring human assessment,NORMAL,http://saastr.us9.list-mana=
us9.campaign-archive2.com,1,0.5,0.0,0.5,Medium value domain requiring human assessment,NORMAL,http://us9.campaign-archive2.com/?u=3Db25%3D
saastr.us9.list=,1,0.5,0.0,0.5,Medium value domain requiring human assessment,NORMAL,http://saastr.us9.list=
www.lo=,1,0.5,0.0,0.5,Medium value domain requiring human assessment,NORMAL,https://www.lo=
us02web.zoom.us,1,0.5,0.0,0.5,Medium value domain requiring human assessment,NORMAL,https://us02web.zoom.us/j/85395866713
www.google.co=,1,0.5,0.0,0.5,Medium value domain requiring human assessment,NORMAL,https://www.google.co=
www.,1,0.5,0.0,0.5,Medium value domain requiring human assessment,NORMAL,https://www.
s=,1,0.5,0.0,0.5,Medium value domain requiring human assessment,NORMAL,http://s=
coachingnocodeap=,1,0.5,0.0,0.5,Medium value domain requiring human assessment,NORMAL,https://coachingnocodeap=
v2uploads.zopim.io,1,0.5,0.0,0.5,Medium value domain requiring human assessment,NORMAL,https://v2uploads.zopim.io/R/m/R/RmREdxtJY6wntrxzsaDPMTQeaAlLN7H0/cf=
thegatheringspot.club),1,0.5,0.0,0.5,Medium value domain requiring human assessment,NORMAL,http://thegatheringspot.club)
humbledolla=,1,0.5,0.0,0.5,Medium value domain requiring human assessment,NORMAL,https://humbledolla=
linkmktg.cutimes.c=,1,0.5,0.0,0.5,Medium value domain requiring human assessment,NORMAL,https://linkmktg.cutimes.c=
linkmktg.cut=,1,0.5,0.0,0.5,Medium value domain requiring human assessment,NORMAL,https://linkmktg.cut=
linkmktg.cutimes.com=,1,0.5,0.0,0.5,Medium value domain requiring human assessment,NORMAL,https://linkmktg.cutimes.com=
linkmktg.=,1,0.5,0.0,0.5,Medium value domain requiring human assessment,NORMAL,https://linkmktg.=
mapped.rocks,1,0.5,0.0,0.5,Medium value domain requiring human assessment,NORMAL,https://mapped.rocks
di209.infusion=,1,0.5,0.0,0.5,Medium value domain requiring human assessment,NORMAL,https://di209.infusion=
d1yo=,1,0.5,0.0,0.5,Medium value domain requiring human assessment,NORMAL,https://d1yo=
di209=,1,0.5,0.0,0.5,Medium value domain requiring human assessment,NORMAL,https://di209=
uncrate.us=,1,0.5,0.0,0.5,Medium value domain requiring human assessment,NORMAL,https://uncrate.us=
uncrate.us1.list-manage.=,1,0.5,0.0,0.5,Medium value domain requiring human assessment,NORMAL,https://uncrate.us1.list-manage.=
uncrate=,1,0.5,0.0,0.5,Medium value domain requiring human assessment,NORMAL,https://uncrate=
uncrate.us1.=,1,0.5,0.0,0.5,Medium value domain requiring human assessment,NORMAL,https://uncrate.us1.=
uncrate.us1=,1,0.5,0.0,0.5,Medium value domain requiring human assessment,NORMAL,https://uncrate.us1=
uncrate.us1.list=,1,0.5,0.0,0.5,Medium value domain requiring human assessment,NORMAL,https://uncrate.us1.list=
uncrate.us1.list-manag=,1,0.5,0.0,0.5,Medium value domain requiring human assessment,NORMAL,https://uncrate.us1.list-manag=
uncrate.us1.li=,1,0.5,0.0,0.5,Medium value domain requiring human assessment,NORMAL,https://uncrate.us1.li=
unc=,1,0.5,0.0,0.5,Medium value domain requiring human assessment,NORMAL,https://unc=
uncrate.us1.list-=,1,0.5,0.0,0.5,Medium value domain requiring human assessment,NORMAL,https://uncrate.us1.list-=
uncrate.us1.l=,1,0.5,0.0,0.5,Medium value domain requiring human assessment,NORMAL,https://uncrate.us1.l=
uncrate.us1.lis=,1,0.5,0.0,0.5,Medium value domain requiring human assessment,NORMAL,https://uncrate.us1.lis=
us1.forward-to-friend.com,1,0.5,0.0,0.5,Medium value domain requiring human assessment,NORMAL,http://us1.forward-to-friend.com/forward?u=3D125c5c58%3D
uncrate.us1.list-mana=,1,0.5,0.0,0.5,Medium value domain requiring human assessment,NORMAL,https://uncrate.us1.list-mana=
uncrate.us1.list-m=,1,0.5,0.0,0.5,Medium value domain requiring human assessment,NORMAL,https://uncrate.us1.list-m=
us1.campa=,1,0.5,0.0,0.5,Medium value domain requiring human assessment,NORMAL,https://us1.campa=
uncrate.us1.list-ma=,1,0.5,0.0,0.5,Medium value domain requiring human assessment,NORMAL,https://uncrate.us1.list-ma=
uncrate.us1.list-manage.com=,1,0.5,0.0,0.5,Medium value domain requiring human assessment,NORMAL,https://uncrate.us1.list-manage.com=
uncrate.us1.list-manage.c=,1,0.5,0.0,0.5,Medium value domain requiring human assessment,NORMAL,https://uncrate.us1.list-manage.c=
uncrate.us1.list-man=,1,0.5,0.0,0.5,Medium value domain requiring human assessment,NORMAL,https://uncrate.us1.list-man=
email.mg2.=,1,0.5,0.0,0.5,Medium value domain requiring human assessment,NORMAL,https://email.mg2.=
email.mg2.substa=,1,0.5,0.0,0.5,Medium value domain requiring human assessment,NORMAL,https://email.mg2.substa=
email.mg2.substack.=,1,0.5,0.0,0.5,Medium value domain requiring human assessment,NORMAL,https://email.mg2.substack.=
email.m=,1,0.5,0.0,0.5,Medium value domain requiring human assessment,NORMAL,https://email.m=
www.dandapani.org,1,0.5,0.0,0.5,Medium value domain requiring human assessment,NORMAL,https://www.dandapani.org
info.blackswa=,1,0.5,0.022727272727272728,0.5,Medium value domain requiring human assessment,NORMAL,https://info.blackswa=
eventing.coursera.or=,1,0.5,0.0,0.5,Medium value domain requiring human assessment,NORMAL,https://eventing.coursera.or=
eventing.cou=,1,0.5,0.0,0.5,Medium value domain requiring human assessment,NORMAL,https://eventing.cou=
eventing.courser=,1,0.5,0.0,0.5,Medium value domain requiring human assessment,NORMAL,https://eventing.courser=
eventing.c=,1,0.5,0.0,0.5,Medium value domain requiring human assessment,NORMAL,https://eventing.c=
eventing.coursera.=,1,0.5,0.0,0.5,Medium value domain requiring human assessment,NORMAL,https://eventing.coursera.=
eventing.coursera.org=,1,0.5,0.0,0.5,Medium value domain requiring human assessment,NORMAL,https://eventing.coursera.org=
www.techcrunch.com,1,0.5,0.0,0.5,Medium value domain requiring human assessment,NORMAL,https://www.techcrunch.com
membershipsupport.secure.force.com,1,0.5,0.0,0.5,Medium value domain requiring human assessment,NORMAL,https://membershipsupport.secure.force.com/ExtraCrunchHelp/
tx227.infu=,1,0.5,0.0,0.5,Medium value domain requiring human assessment,NORMAL,https://tx227.infu=
cdn.finan=,1,0.5,0.0,0.5,Medium value domain requiring human assessment,NORMAL,https://cdn.finan=
links.fb=,1,0.5,0.0,0.5,Medium value domain requiring human assessment,NORMAL,https://links.fb=
unsubscribe.fourhourmail.com,1,0.5,0.0,0.5,Medium value domain requiring human assessment,NORMAL,https://unsubscribe.fourhourmail.com/5qud3zmq3qu7h3m763al
www.ribbonfarm.com,1,0.5,0.0,0.5,Medium value domain requiring human assessment,NORMAL,https://www.ribbonfarm.com/2009/08/19/on=
ofdollarsa=,1,0.5,0.0,0.5,Medium value domain requiring human assessment,NORMAL,https://ofdollarsa=
t.sidekickopen83.com,1,0.5,0.0,0.5,Medium value domain requiring human assessment,NORMAL,https://t.sidekickopen83.com/s1t/c/5/f18dQhb0S=
kylasca=,1,0.5,0.0,0.5,Medium value domain requiring human assessment,NORMAL,https://kylasca=
t.sidekickopen83.=,1,0.5,0.0,0.5,Medium value domain requiring human assessment,NORMAL,https://t.sidekickopen83.=
www.i=,1,0.5,0.0,0.5,Medium value domain requiring human assessment,NORMAL,https://www.i=
www.re=,1,0.5,0.0,0.5,Medium value domain requiring human assessment,NORMAL,https://www.re=
ma=,1,0.5,0.0,0.5,Medium value domain requiring human assessment,NORMAL,https://ma=
mai=,1,0.5,0.0,0.5,Medium value domain requiring human assessment,NORMAL,https://mai=
mailchi.us3.li=,1,0.5,0.0,0.5,Medium value domain requiring human assessment,NORMAL,https://mailchi.us3.li=
mailchi.us3.lis=,1,0.5,0.0,0.5,Medium value domain requiring human assessment,NORMAL,https://mailchi.us3.lis=
links.fbztrk.c=,1,0.5,0.0,0.5,Medium value domain requiring human assessment,NORMAL,https://links.fbztrk.c=
links.fbztrk.=,1,0.5,0.0,0.5,Medium value domain requiring human assessment,NORMAL,https://links.fbztrk.=
mailchi.us3.list-ma=,1,0.5,0.0,0.5,Medium value domain requiring human assessment,NORMAL,https://mailchi.us3.list-ma=
mailchi.us=,1,0.5,0.0,0.5,Medium value domain requiring human assessment,NORMAL,https://mailchi.us=
mailchi.us3.list-manage.c=,1,0.5,0.0,0.5,Medium value domain requiring human assessment,NORMAL,https://mailchi.us3.list-manage.c=
mailchi.us3.list-manag=,1,0.5,0.0,0.5,Medium value domain requiring human assessment,NORMAL,https://mailchi.us3.list-manag=
humbl=,1,0.5,0.0,0.5,Medium value domain requiring human assessment,NORMAL,https://humbl=
www.gotowebinar.com,1,0.5,0.0,0.5,Medium value domain requiring human assessment,NORMAL,https://www.gotowebinar.com
www.gotowebinar.com__;!!ENSHsYdSoey7eA!oIDHAAfimgQ=,1,0.5,0.0,0.5,Medium value domain requiring human assessment,NORMAL,https://www.gotowebinar.com__;!!ENSHsYdSoey7eA!oIDHAAfimgQ=
urldefense.com=,1,0.5,0.0,0.5,Medium value domain requiring human assessment,NORMAL,https://urldefense.com=
mitsmr.co=,1,0.5,0.0,0.5,Medium value domain requiring human assessment,NORMAL,https://mitsmr.co=
www.gotowebinar.com__;!!ENSHsYdSoey7eA!oIDHAA=,1,0.5,0.0,0.5,Medium value domain requiring human assessment,NORMAL,https://www.gotowebinar.com__;!!ENSHsYdSoey7eA!oIDHAA=
mitsmr.com,1,0.5,0.0,0.5,Medium value domain requiring human assessment,NORMAL,https://mitsmr.com/38L1Zmc
urldefen=,1,0.5,0.0,0.5,Medium value domain requiring human assessment,NORMAL,https://urldefen=
www.meetelise.com,1,0.5,0.0,0.5,Medium value domain requiring human assessment,NORMAL,https://www.meetelise.com/)
www.silascapital.com,1,0.5,0.0,0.5,Medium value domain requiring human assessment,NORMAL,https://www.silascapital.com/=
www.mymyro.com,1,0.5,0.0,0.5,Medium value domain requiring human assessment,NORMAL,https://www.mymyro.com/)
nori.com,1,0.5,0.0,0.5,Medium value domain requiring human assessment,NORMAL,https://nori.com/)
boards.gree=,1,0.5,0.0,0.5,Medium value domain requiring human assessment,NORMAL,https://boards.gree=
beliade.com,1,0.5,0.0,0.5,Medium value domain requiring human assessment,NORMAL,https://beliade.com/)
finmark.com,1,0.5,0.0,0.5,Medium value domain requiring human assessment,NORMAL,https://finmark.com/)
g=,1,0.5,0.0,0.5,Medium value domain requiring human assessment,NORMAL,https://g=
hello546377.typeform.com,1,0.5,0.0,0.5,Medium value domain requiring human assessment,NORMAL,https://hello546377.typeform.com/to/J4JERBtv)
email.mg=,1,0.5,0.0,0.5,Medium value domain requiring human assessment,NORMAL,https://email.mg=
email.mg2.substack=,1,0.5,0.0,0.5,Medium value domain requiring human assessment,NORMAL,https://email.mg2.substack=
email.mg2=,1,0.5,0.0,0.5,Medium value domain requiring human assessment,NORMAL,https://email.mg2=
email.mg2.sub=,1,0.5,0.0,0.5,Medium value domain requiring human assessment,NORMAL,https://email.mg2.sub=
email.mg2.subs=,1,0.5,0.0,0.5,Medium value domain requiring human assessment,NORMAL,https://email.mg2.subs=
email.mg2.subst=,1,0.5,0.0,0.5,Medium value domain requiring human assessment,NORMAL,https://email.mg2.subst=
hebrewslangoftheday.tumblr.com=,1,0.5,0.0,0.5,Medium value domain requiring human assessment,NORMAL,https://hebrewslangoftheday.tumblr.com=
www.axios.com,1,0.5,0.0,0.5,Medium value domain requiring human assessment,NORMAL,https://www.axios.com/u=
www.amazon.com,1,0.5,0.0,0.5,Medium value domain requiring human assessment,NORMAL,https://www.amazon.com/Detectorists-BBC-Series/dp/B06XC=
www.theverge.com=,1,0.5,0.0,0.5,Medium value domain requiring human assessment,NORMAL,https://www.theverge.com=
nextdraft.us2.list-manage.com,1,0.5,0.0,0.5,Medium value domain requiring human assessment,NORMAL,https://nextdraft.us2.list-manage.com/unsubscribe?u=3Ded102783e87fe%3D
www.vox=,1,0.5,0.0,0.5,Medium value domain requiring human assessment,NORMAL,https://www.vox=
www.baltimor=,1,0.5,0.0,0.5,Medium value domain requiring human assessment,NORMAL,https://www.baltimor=
nextdr=,1,0.5,0.0,0.5,Medium value domain requiring human assessment,NORMAL,https://nextdr=
t.e=,1,0.5,0.0,0.5,Medium value domain requiring human assessment,NORMAL,https://t.e=
cu262.files.keap.app,1,0.5,0.0,0.5,Medium value domain requiring human assessment,NORMAL,https://cu262.files.keap.app/cu262/c60cfb7c-a2b9-4c=
cu262.infusion-links=,1,0.5,0.0,0.5,Medium value domain requiring human assessment,NORMAL,https://cu262.infusion-links=
cu262.infusio=,1,0.5,0.0,0.5,Medium value domain requiring human assessment,NORMAL,https://cu262.infusio=
cu262.files.kea=,1,0.5,0.0,0.5,Medium value domain requiring human assessment,NORMAL,https://cu262.files.kea=
cu262.infusion-=,1,0.5,0.0,0.5,Medium value domain requiring human assessment,NORMAL,https://cu262.infusion-=
cu26=,1,0.5,0.0,0.5,Medium value domain requiring human assessment,NORMAL,https://cu26=
ofdollarsandd=,1,0.5,0.0,0.5,Medium value domain requiring human assessment,NORMAL,https://ofdollarsandd=
theirrelevantinvestor.com,1,0.5,0.0,0.5,Medium value domain requiring human assessment,NORMAL,https://theirrelevantinvestor.com/2021/06/17/bli=
www.thedailyups=,1,0.5,0.0,0.5,Medium value domain requiring human assessment,NORMAL,https://www.thedailyups=
www.fitmind.co),1,0.5,0.0,0.5,Medium value domain requiring human assessment,NORMAL,https://www.fitmind.co)
positivepsychology.com,1,0.5,0.0,0.5,Medium value domain requiring human assessment,NORMAL,https://positivepsychology.com/positive-psychology-an-introduct=
www.ted.com,1,0.5,0.0,0.5,Medium value domain requiring human assessment,NORMAL,https://www.ted.com/talks/andrey=
fitmi=,1,0.5,0.0,0.5,Medium value domain requiring human assessment,NORMAL,https://fitmi=
apps.apple.com,1,0.5,0.0,0.5,Medium value domain requiring human assessment,NORMAL,https://apps.apple.com/us/a=
elemental.medium.com,1,0.5,0.0,0.5,Medium value domain requiring human assessment,NORMAL,https://elemental.medium.com/the-cognition-crisis-a1482e889fcb)=
fitmind.us19.=,1,0.5,0.0,0.5,Medium value domain requiring human assessment,NORMAL,https://fitmind.us19.=
bklyn.co,1,0.5,0.0,0.5,Medium value domain requiring human assessment,NORMAL,https://bklyn.co/projects
forms.gle,1,0.5,0.0,0.5,Medium value domain requiring human assessment,NORMAL,https://forms.gle/PyVMPZZSA2p9pYDt5
medequiptech.io,1,0.5,0.0,0.5,Medium value domain requiring human assessment,NORMAL,https://medequiptech.io/
app.konstructly.com,1,0.5,0.0,0.5,Medium value domain requiring human assessment,NORMAL,http://app.konstructly.com/
bids.sweptworks.com,1,0.5,0.0,0.5,Medium value domain requiring human assessment,NORMAL,http://bids.sweptworks.com/
secure.helpscout.net=,1,0.5,0.0,0.5,Medium value domain requiring human assessment,NORMAL,https://secure.helpscout.net=
83e2cf20-a0d2-4584-b6=,1,0.5,0.0,0.5,Medium value domain requiring human assessment,NORMAL,https://83e2cf20-a0d2-4584-b6=
mailtra=,1,0.5,0.0,0.5,Medium value domain requiring human assessment,NORMAL,https://mailtra=
www.rapidevelopers.com%2F&userId=6949073&signature=1593b387c66c36e3,1,0.5,0.0,0.5,Medium value domain requiring human assessment,NORMAL,https://www.rapidevelopers.com%2F&userId=6949073&signature=1593b387c66c36e3
www.loom.com%2Fshare%2F12e0c64602b14cee8dff8585e988557c&userId=6949073&signature=4a9f8d15260c699d,1,0.5,0.0,0.5,Medium value domain requiring human assessment,NORMAL,https://www.loom.com%2Fshare%2F12e0c64602b14cee8dff8585e988557c&userId=6949073&signature=4a9f8d15260c699d
www.loom.com%2Fshare%2F12e0c64602b14cee8dff8585e988557c&amp;userId=3D694=,1,0.5,0.0,0.5,Medium value domain requiring human assessment,NORMAL,https://www.loom.com%2Fshare%2F12e0c64602b14cee8dff8585e988557c&amp;userId=3D694=
www.loom.com%2Fshare%2F12=,1,0.5,0.0,0.5,Medium value domain requiring human assessment,NORMAL,https://www.loom.com%2Fshare%2F12=
www.rapidevelopers.co=,1,0.5,0.0,0.5,Medium value domain requiring human assessment,NORMAL,https://www.rapidevelopers.co=
www.loom.com%2Fshare%2F12e0c64602b14cee8dff8585e988557c&userId=6949073&signature=8b30ac91398445e1,1,0.5,0.0,0.5,Medium value domain requiring human assessment,NORMAL,https://www.loom.com%2Fshare%2F12e0c64602b14cee8dff8585e988557c&userId=6949073&signature=8b30ac91398445e1
www.rapidevelopers.com%2F&userId=6949073&signature=7e930d3fffb557ca,1,0.5,0.0,0.5,Medium value domain requiring human assessment,NORMAL,https://www.rapidevelopers.com%2F&userId=6949073&signature=7e930d3fffb557ca
gmpg.org,1,0.5,0.0,0.5,Medium value domain requiring human assessment,NORMAL,https://gmpg.org/xfn/11
email.mailgun.ncubesoftware.com,1,0.5,0.0,0.5,Medium value domain requiring human assessment,NORMAL,http://email.mailgun.ncubesoftware.com/o/eJwdzEsOw=
ncubesof=,1,0.5,0.0,0.5,Medium value domain requiring human assessment,NORMAL,https://ncubesof=
ncubesoftware=,1,0.5,0.0,0.5,Medium value domain requiring human assessment,NORMAL,https://ncubesoftware=
www.ghostqode.com%2F&userId=6753433&signature=f7921d80707a40e3,1,0.5,0.0,0.5,Medium value domain requiring human assessment,NORMAL,https://www.ghostqode.com%2F&userId=6753433&signature=f7921d80707a40e3
www.ghostqode.com%2F&userId=6753433&signature=f170c5d3615d92d6,1,0.5,0.0,0.5,Medium value domain requiring human assessment,NORMAL,https://www.ghostqode.com%2F&userId=6753433&signature=f170c5d3615d92d6
www.ubtagency.com%2F&userId=6753433&signature=7e1e413767340847,1,0.5,0.0,0.5,Medium value domain requiring human assessment,NORMAL,https://www.ubtagency.com%2F&userId=6753433&signature=7e1e413767340847
www.ghostqode.com,1,0.5,0.0,0.5,Medium value domain requiring human assessment,NORMAL,https://www.ghostqode.com
t.sidekickopen77.com,1,0.5,0.0,0.5,Medium value domain requiring human assessment,NORMAL,https://t.sidekickopen77.com/s1t/c/5/f18dQhb0S7lM8dDMPbW2n0x6l2B9nMJN7t5XWPdSD1CW3N1Dyx7fJ_ZTV1pVxX5XTBkg103?te=W3R5hFj4cm2zwW3_SMKM3T1k87W1JzCRv4cNDSbW1JxwY51LxhDP39Jy2&si=8000000000676731&pi=6e96cc27-fcd4-433f-e480-4fe595987c40
url651=,1,0.5,0.0,0.5,Medium value domain requiring human assessment,NORMAL,http://url651=
www.burritoapps.com,1,0.5,0.0,0.5,Medium value domain requiring human assessment,NORMAL,https://www.burritoapps.com
t.sidekickopen16.com,1,0.5,0.0,0.5,Medium value domain requiring human assessment,NORMAL,https://t.sidekickopen16.com/s3t/c/5/f18dQhb0S7kF8cFt9DW5HmNwP2zGCwVN8Jbw_=
welovenocode.com,1,0.5,0.0,0.5,Medium value domain requiring human assessment,NORMAL,https://welovenocode.com/
u4155056.ct.sendgri=,1,0.5,0.0,0.5,Medium value domain requiring human assessment,NORMAL,https://u4155056.ct.sendgri=
www.stayshure.com,1,0.5,0.0,0.5,Medium value domain requiring human assessment,NORMAL,https://www.stayshure.com
mindforap=,1,0.5,0.0,0.5,Medium value domain requiring human assessment,NORMAL,https://mindforap=
mindforapps.=,1,0.5,0.0,0.5,Medium value domain requiring human assessment,NORMAL,https://mindforapps.=
83e2cf20-a0d2-4584-b67b-de0ac8604e6e.pipedrive.=,1,0.5,0.0,0.5,Medium value domain requiring human assessment,NORMAL,https://83e2cf20-a0d2-4584-b67b-de0ac8604e6e.pipedrive.=
calendly.co=,1,0.5,0.0,0.5,Medium value domain requiring human assessment,NORMAL,https://calendly.co=
schema.or=,1,0.5,0.0,0.5,Medium value domain requiring human assessment,NORMAL,http://schema.or=
us06web.zoom.=,1,0.5,0.0,0.5,Medium value domain requiring human assessment,NORMAL,https://us06web.zoom.=
calendly=,1,0.5,0.0,0.5,Medium value domain requiring human assessment,NORMAL,https://calendly=
www.uberconference.,1,0.5,0.0,0.5,Medium value domain requiring human assessment,NORMAL,https://www.uberconference.
calendar.go=,1,0.5,0.0,0.5,Medium value domain requiring human assessment,NORMAL,https://calendar.go=
calendar.google.co=,1,0.5,0.0,0.5,Medium value domain requiring human assessment,NORMAL,https://calendar.google.co=
su=,1,0.5,0.0,0.5,Medium value domain requiring human assessment,NORMAL,https://su=
schema.o=,1,0.5,0.0,0.5,Medium value domain requiring human assessment,NORMAL,http://schema.o=
www.uberconference=,1,0.5,0.0,0.5,Medium value domain requiring human assessment,NORMAL,https://www.uberconference=
www.uberconference.com%2Froom%2Fzeroqode&amp;sa=,1,0.5,0.0,0.5,Medium value domain requiring human assessment,NORMAL,https://www.uberconference.com%2Froom%2Fzeroqode&amp;sa=
sche=,1,0.5,0.0,0.5,Medium value domain requiring human assessment,NORMAL,http://sche=
me,1,0.5,0.0,0.5,Medium value domain requiring human assessment,NORMAL,https://me
cale=,1,0.5,0.0,0.5,Medium value domain requiring human assessment,NORMAL,https://cale=
www.google.com=,1,0.5,0.0,0.5,Medium value domain requiring human assessment,NORMAL,https://www.google.com=
calendly.,1,0.5,0.0,0.5,Medium value domain requiring human assessment,NORMAL,https://calendly.
meet,1,0.5,0.0,0.5,Medium value domain requiring human assessment,NORMAL,https://meet
me=,1,0.5,0.0,0.5,Medium value domain requiring human assessment,NORMAL,https://me=
url6515.burritoapps.c=,1,0.5,0.0,0.5,Medium value domain requiring human assessment,NORMAL,http://url6515.burritoapps.c=
mailfoogae.app=,1,0.5,0.0,0.5,Medium value domain requiring human assessment,NORMAL,https://mailfoogae.app=
therapackelawgroup.activehosted.com,1,0.5,0.0,0.5,Medium value domain requiring human assessment,NORMAL,http://therapackelawgroup.activehosted.com/proc.php?nl=12&amp%3Bc=201&amp%3Bm=605&amp%3Bs=d2f60c417eecb32534391d80e39b8c09&amp%3Bact=unsub
url6515.burrit=,1,0.5,0.0,0.5,Medium value domain requiring human assessment,NORMAL,http://url6515.burrit=
url6515.burritoapps=,1,0.5,0.0,0.5,Medium value domain requiring human assessment,NORMAL,http://url6515.burritoapps=
83e2cf20-a0d2-4584-b67b-de0ac8604e6e.=,1,0.5,0.0,0.5,Medium value domain requiring human assessment,NORMAL,https://83e2cf20-a0d2-4584-b67b-de0ac8604e6e.=
devzeroqode.com,1,0.5,0.0,0.5,Medium value domain requiring human assessment,NORMAL,https://devzeroqode.com/
mind=,1,0.5,0.0,0.5,Medium value domain requiring human assessment,NORMAL,https://mind=
m=,1,0.5,0.0,0.5,Medium value domain requiring human assessment,NORMAL,https://m=
www.notboring.co,1,0.5,0.0,0.5,Medium value domain requiring human assessment,NORMAL,https://www.notboring.co/p/status-monke=
ofdolla=,1,0.5,0.0,0.5,Medium value domain requiring human assessment,NORMAL,https://ofdolla=
di209.infu=,1,0.5,0.0,0.5,Medium value domain requiring human assessment,NORMAL,https://di209.infu=
di209.=,1,0.5,0.0,0.5,Medium value domain requiring human assessment,NORMAL,https://di209.=
di2=,1,0.5,0.0,0.5,Medium value domain requiring human assessment,NORMAL,https://di2=
di209.files.keap.app,1,0.5,0.0,0.5,Medium value domain requiring human assessment,NORMAL,https://di209.files.keap.app/di209/c437565a-2c99-4d60=
mailchi.us3.=,1,0.5,0.0,0.5,Medium value domain requiring human assessment,NORMAL,https://mailchi.us3.=
mailchi.us3.list-m=,1,0.5,0.0,0.5,Medium value domain requiring human assessment,NORMAL,https://mailchi.us3.list-m=
www.epsilontheor=,1,0.5,0.0,0.5,Medium value domain requiring human assessment,NORMAL,https://www.epsilontheor=
www.epsilontheory.co=,1,0.5,0.0,0.5,Medium value domain requiring human assessment,NORMAL,https://www.epsilontheory.co=
www.wsj=,1,0.5,0.0,0.5,Medium value domain requiring human assessment,NORMAL,https://www.wsj=
www.npr.org,1,0.5,0.0,0.5,Medium value domain requiring human assessment,NORMAL,https://www.npr.org/sections/goatsandsoda/2020/04/15/834666123/trump-and=
www.who.int,1,0.5,0.0,0.5,Medium value domain requiring human assessment,NORMAL,https://www.who.int/publications/m/item/covid-19-v=
app.kajabi.com,1,0.5,0.0,0.5,Medium value domain requiring human assessment,NORMAL,https://app.kajabi.com/members/BAhbB2wrB2DECIFVOiBBY3RpdmVTdXBwb3J0OjpUaW1lV2l0aFpvbmVbCEl1OglUaW1lDc+XHsD86tYICToNbmFub19udW1pAo8COg1uYW5vX2RlbmkGOg1zdWJtaWNybyIHZVA6CXpvbmVJIghVVEMGOgZFRkkiCFVUQwY7C1RACw==--10efba8a6dcc6e65b7e639dae36f6cfc32946204/settings
www.coindesk.com,1,0.5,0.0,0.5,Medium value domain requiring human assessment,NORMAL,https://www.coindesk.com/layer2/privacywe=
go.bu=,1,0.5,0.0,0.5,Medium value domain requiring human assessment,NORMAL,https://go.bu=
hum=,1,0.5,0.0,0.5,Medium value domain requiring human assessment,NORMAL,https://hum=
humb=,1,0.5,0.0,0.5,Medium value domain requiring human assessment,NORMAL,https://humb=
www.instagram.=,1,0.5,0.0,0.5,Medium value domain requiring human assessment,NORMAL,https://www.instagram.=
www.sphero.com,1,0.5,0.0,0.5,Medium value domain requiring human assessment,NORMAL,https://www.sphero.com
swiftle.io,1,0.5,0.0,0.5,Medium value domain requiring human assessment,NORMAL,https://swiftle.io/
i.imgur.=,1,0.5,0.0,0.5,Medium value domain requiring human assessment,NORMAL,https://i.imgur.=
www.canva.com,1,0.5,0.0,0.5,Medium value domain requiring human assessment,NORMAL,https://www.canva.com/
links.profgalloway.com,1,0.5,0.0,0.5,Medium value domain requiring human assessment,NORMAL,https://links.profgalloway.com/e/=
www.section4.com,1,0.5,0.0,0.5,Medium value domain requiring human assessment,NORMAL,https://www.section4.com/
www.section=,1,0.5,0.0,0.5,Medium value domain requiring human assessment,NORMAL,https://www.section=
bubblehelpers.us14.list-manage=,1,0.5,0.0,0.5,Medium value domain requiring human assessment,NORMAL,https://bubblehelpers.us14.list-manage=
bubblehelpers.us1=,1,0.5,0.0,0.5,Medium value domain requiring human assessment,NORMAL,https://bubblehelpers.us1=
bubblehelpers.us14.list=,1,0.5,0.0,0.5,Medium value domain requiring human assessment,NORMAL,https://bubblehelpers.us14.list=
bubblehelpers.us14.list-manage.c=,1,0.5,0.0,0.5,Medium value domain requiring human assessment,NORMAL,https://bubblehelpers.us14.list-manage.c=
laughingsquid.com,1,0.5,0.0,0.5,Medium value domain requiring human assessment,NORMAL,https://laughingsquid.com/origami-video-tutorials/=
www.theguardian=,1,0.5,0.0,0.5,Medium value domain requiring human assessment,NORMAL,https://www.theguardian=
www.fo=,1,0.5,0.0,0.5,Medium value domain requiring human assessment,NORMAL,https://www.fo=
win.gettheelevator.com,1,0.5,0.0,0.5,Medium value domain requiring human assessment,NORMAL,https://win.gettheelevator.com/ppy
www.rotarydigital.net,1,0.5,0.0,0.5,Medium value domain requiring human assessment,NORMAL,https://www.rotarydigital.net/jobs
melmagazine.com,1,0.5,0.0,0.5,Medium value domain requiring human assessment,NORMAL,https://melmagazine.com/en-us/story/leggo-my-=
www.foodandwine.com,1,0.5,0.0,0.5,Medium value domain requiring human assessment,NORMAL,https://www.foodandwine.com/travel/best-=
elevator.updatemyprofile.com,1,0.5,0.0,0.5,Medium value domain requiring human assessment,NORMAL,https://elevator.updatemyprofile.com/t-qddhrit-=
elevator.cmail20.com=,1,0.5,0.0,0.5,Medium value domain requiring human assessment,NORMAL,https://elevator.cmail20.com=
www.artofmanliness.com,1,0.5,0.0,0.5,Medium value domain requiring human assessment,NORMAL,https://www.artofmanliness.com/skills/manly-know-=
www.fastcompany.com,1,0.5,0.0,0.5,Medium value domain requiring human assessment,NORMAL,https://www.fastcompany.com/90755870/8-tips-for-starting-=
digg.com,1,0.5,0.0,0.5,Medium value domain requiring human assessment,NORMAL,https://digg.com/cul=
discord.supabase.com,1,0.5,0.0,0.5,Medium value domain requiring human assessment,NORMAL,https://discord.supabase.com/
email.mail.spiffy.co,1,0.5,0.0,0.5,Medium value domain requiring human assessment,NORMAL,https://email.mail.spiffy.co/=
email.mail.spi=,1,0.5,0.0,0.5,Medium value domain requiring human assessment,NORMAL,https://email.mail.spi=
static.spiffy.co,1,0.5,0.0,0.5,Medium value domain requiring human assessment,NORMAL,https://static.spiffy.co/2840/62d6b9cae96d721f4fec768e5cb90be7a2d61a0e=
ampsp.webengage.c=,1,0.5,0.0,0.5,Medium value domain requiring human assessment,NORMAL,https://ampsp.webengage.c=
online.lifelonglearning.jhu.edu,1,0.5,0.0,0.5,Medium value domain requiring human assessment,NORMAL,https://online.lifelonglearning.jhu.edu/jhu-certifica=
c.webengage.com,1,0.5,0.0,0.5,Medium value domain requiring human assessment,NORMAL,https://c.webengage.com/lw/g1.jpg=3Fp=
efiles.webengage.=,1,0.5,0.0,0.5,Medium value domain requiring human assessment,NORMAL,https://efiles.webengage.=
ampsp.weben=,1,0.5,0.0,0.5,Medium value domain requiring human assessment,NORMAL,https://ampsp.weben=
www.aws=,1,0.5,0.0,0.5,Medium value domain requiring human assessment,NORMAL,https://www.aws=
console.aws.amazon.com,1,0.5,0.0,0.5,Medium value domain requiring human assessment,NORMAL,https://console.aws.amazon.com/=
p6li1chk.r.us=,1,0.5,0.0,0.5,Medium value domain requiring human assessment,NORMAL,https://p6li1chk.r.us=
m.media-amazon.com,1,0.25,0.0,0.5,Medium value domain requiring human assessment,NORMAL,https://m.media-amazon.com/images/G/01/amazonwebservices/=
www.aws.amazon.com,1,0.5,0.0,0.5,Medium value domain requiring human assessment,NORMAL,https://www.aws.amazon.com
www.twitch.tv%2Faws,1,0.5,0.0,0.5,Medium value domain requiring human assessment,NORMAL,https://www.twitch.tv%2Faws/1/01000197c2a5b31b-910657f7-ad0e-494c-88=
console=,1,0.5,0.0,0.5,Medium value domain requiring human assessment,NORMAL,https://console=
p6l=,1,0.5,0.0,0.5,Medium value domain requiring human assessment,NORMAL,http://p6l=
p6li1chk.r.us-east-1.awstrac=,1,0.5,0.0,0.5,Medium value domain requiring human assessment,NORMAL,http://p6li1chk.r.us-east-1.awstrac=
p6li1chk.r.us-east-1=,1,0.5,0.0,0.5,Medium value domain requiring human assessment,NORMAL,http://p6li1chk.r.us-east-1=
p6=,1,0.5,0.0,0.5,Medium value domain requiring human assessment,NORMAL,https://p6=
p6li1chk.r.us-e=,1,0.5,0.0,0.5,Medium value domain requiring human assessment,NORMAL,https://p6li1chk.r.us-e=
www.fillo=,1,0.5,0.0,0.5,Medium value domain requiring human assessment,NORMAL,https://www.fillo=
yourdomain.com),1,0.5,0.0,0.5,Medium value domain requiring human assessment,NORMAL,https://yourdomain.com)
for=,1,0.5,0.0,0.5,Medium value domain requiring human assessment,NORMAL,https://for=
forms.gorick.c=,1,0.5,0.0,0.5,Medium value domain requiring human assessment,NORMAL,https://forms.gorick.c=
www.beehiiv.com,1,0.5,0.0,0.5,Medium value domain requiring human assessment,NORMAL,https://www.beehiiv.com/
paidfor=,1,0.5,0.0,0.5,Medium value domain requiring human assessment,NORMAL,https://paidfor=
paidforpeace=,1,0.5,0.0,0.5,Medium value domain requiring human assessment,NORMAL,https://paidforpeace=
s3.amazonaw=,1,0.5,0.0,0.5,Medium value domain requiring human assessment,NORMAL,https://s3.amazonaw=
www.youtub=,1,0.5,0.0,0.5,Medium value domain requiring human assessment,NORMAL,https://www.youtub=
www.youtube.co=,1,0.5,0.0,0.5,Medium value domain requiring human assessment,NORMAL,https://www.youtube.co=
u5729963.ct.sendgrid.net,1,0.5,0.0,0.5,Medium value domain requiring human assessment,NORMAL,https://u5729963.ct.sendgrid.net/ls/click?upn=3Du001.nc%3D
www.gtalumni.org=20,1,0.5,0.0,0.5,Medium value domain requiring human assessment,NORMAL,https://www.gtalumni.org=20
inst=,1,0.5,0.0,0.5,Medium value domain requiring human assessment,NORMAL,http://inst=
www.faceb=,1,0.5,0.0,0.5,Medium value domain requiring human assessment,NORMAL,https://www.faceb=
securelb.imo=,1,0.5,0.0,0.5,Medium value domain requiring human assessment,NORMAL,https://securelb.imo=
www.gtalumni.=,1,0.5,0.0,0.5,Medium value domain requiring human assessment,NORMAL,https://www.gtalumni.=
gatec=,1,0.5,0.0,0.5,Medium value domain requiring human assessment,NORMAL,https://gatec=
gatech.co1.qualtric=,1,0.5,0.0,0.5,Medium value domain requiring human assessment,NORMAL,https://gatech.co1.qualtric=
link.gtalumni.org,1,0.5,0.0,0.5,Medium value domain requiring human assessment,NORMAL,http://link.gtalumni.org/wf=
www.f=,1,0.5,0.0,0.5,Medium value domain requiring human assessment,NORMAL,https://www.f=
securelb.imod=,1,0.5,0.0,0.5,Medium value domain requiring human assessment,NORMAL,https://securelb.imod=
futurism.beehiiv.com,1,0.5,0.0,0.5,Medium value domain requiring human assessment,NORMAL,https://futurism.beehiiv.com/p/futurism-080825-2a01e1f4ff1f003a
theaiinnovator.com,1,0.5,0.0,0.5,Medium value domain requiring human assessment,NORMAL,https://theaiinnovator.com/wisdom-isnt-coming-to-ai-and-thats-a=
magic=,1,0.5,0.0,0.5,Medium value domain requiring human assessment,NORMAL,https://magic=
ai-report.kdnuggets.com,1,0.5,0.0,0.5,Medium value domain requiring human assessment,NORMAL,https://ai-report.kdnuggets.com/p/rag-vs-mcp-vs-agents-explained
www.superhuman.ai%2Fc%2Fconfirmation%3Fmagiclink_subscription&ut=,1,0.5,0.0,0.5,Medium value domain requiring human assessment,NORMAL,https://www.superhuman.ai%2Fc%2Fconfirmation%3Fmagiclink_subscription&ut=
www.recurse.ml,1,0.5,0.0,0.5,Medium value domain requiring human assessment,NORMAL,https://www.recurse.ml/)
www.cnbc.com,1,0.5,0.0,0.5,Medium value domain requiring human assessment,NORMAL,https://www.cnbc.com/2025/08/10/ai-artificial-intelligence-bill=
www.superhuman.ai%2Fc%2Fconfirmatio=,1,0.5,0.0,0.5,Medium value domain requiring human assessment,NORMAL,https://www.superhuman.ai%2Fc%2Fconfirmatio=
invest.pacaso.com)~~.,1,0.5,0.0,0.5,Medium value domain requiring human assessment,NORMAL,https://invest.pacaso.com)~~.
www.ticketmaster.com,1,0.5,0.0,0.5,Medium value domain requiring human assessment,NORMAL,https://www.ticketmaster.com/event/0900612CD92F5EC6?did=3Dearly%3D0D
stripe.com)=C2=A0=C2=A0,1,0.5,0.0,0.5,Medium value domain requiring human assessment,NORMAL,https://stripe.com)=C2=A0=C2=A0
parcel.io,1,0.5,0.0,0.5,Medium value domain requiring human assessment,NORMAL,https://parcel.io/blog/preheader-spacing
resend.com),1,0.5,0.0,0.5,Medium value domain requiring human assessment,NORMAL,https://resend.com)
stripe-images.stripecdn.=,1,0.5,0.0,0.5,Medium value domain requiring human assessment,NORMAL,https://stripe-images.stripecdn.=
pay.stripe.com,1,0.5,0.0,0.5,Medium value domain requiring human assessment,NORMAL,https://pay.stripe.com/invoice/acct_1LV6EkJEBzQp=
