title,content,summary,keywords,publish_date,authors,meta_description,meta_keywords,meta_lang,scraping_method,confidence,url,domain,domain_hint,word_count,sentence_count,avg_sentence_length,reading_level,content_ratio,sentiment,is_english,quality_score,cultural_relevance_score,primary_focus,relevance_breakdown,total_keywords_found,article_topics,reading_time,content_hash
Equal Housing Opportunity,"Overview of Findings

Apartment List has released Brooklyn's results from the first annual Apartment List Renter Satisfaction Survey. The survey, which drew on responses from over 18,000 renters, provides new insights into what states and cities must do to meet the needs of the 105 million American renters nationwide.

""Brooklyn renters report overall satisfaction but are concerned both with the direction of the economy and with safety,"" says Andrew Tam, Vice President of Data Science at Apartment List. ""The US renter population is at its highest level in 20 years, and while Brooklyn is a very desirable location for renters in many ways, there are still opportunities for Brooklyn to make itself more appealing to this large demographic.""

Key findings in Brooklyn include the following:

Brooklyn renters give their city a B+ overall.

Just 21% of renters say that the local economy is on the right track, earning Brooklyn a C in this category.

60% of Brooklyn renters expect to purchase a home in the future. That matches the national average exactly and earned it a B on plans for homeownership.

The city gets its best grade of an A- for access to recreational activities, with 73% of renters expressing satisfaction with access to parks, community activities, and nightlife.

Brooklyn receives its worst grade of a C- for safety, with just 46% of renters saying they are ""satisfied"" or ""very satisfied"".

The survey covered 7 New York cities, which earned city satisfaction grades ranging from an A to an F. New York City topped the list with an A and was followed by Brooklyn (B+), Albany (B+), Buffalo (C+), Rochester (C-), Yonkers (D), and the Bronx (F).

The top rated cities nationwide for city satisfaction were Plano, TX; Boston, MA; Arlington, VA; Austin, TX; and Torrance, CA. The lowest rated cities were Newark, NJ; New Haven, CT; Bridgeport, CT; Hartford, CT; and Columbia, SC.

A detailed report explaining the survey's methodology, analysis, and findings is available upon request. To obtain a copy, please email Andrew Tam, Apartment List's Vice President of Data Science, at andrew@apartmentlist.com.","Overview of FindingsApartment List has released Brooklyn's results from the first annual Apartment List Renter Satisfaction Survey.
""Brooklyn renters report overall satisfaction but are concerned both with the direction of the economy and with safety,"" says Andrew Tam, Vice President of Data Science at Apartment List.
60% of Brooklyn renters expect to purchase a home in the future.
The top rated cities nationwide for city satisfaction were Plano, TX; Boston, MA; Arlington, VA; Austin, TX; and Torrance, CA.
The lowest rated cities were Newark, NJ; New Haven, CT; Bridgeport, CT; Hartford, CT; and Columbia, SC.","['ct', 'brooklyn', 'opportunity', 'satisfaction', 'survey', 'renters', 'equal', 'housing', 'list', 'city', 'cities', 'c', 'b']",,[],"Find top apartments in Brooklyn, NY with less hassle! Apartment List's personalized search, up-to-date prices, and photos make your apartment search easy.",[''],en,newspaper3k,0.9,https://www.apartmentlist.com/ny/brooklyn/,www.apartmentlist.com,housing,430,15,28.666666666666668,difficult,0.43953488372093025,0.20538720538720542,True,0.7,0.1,systemic_barriers,"{'african_american': 0.0, 'professional_development': 0.0, 'financial_empowerment': 0.09090909090909091, 'income_optimization': 0.0, 'systemic_barriers': 0.1111111111111111}",2,"['ct', 'brooklyn', 'opportunity', 'satisfaction', 'survey']",2,34ece1bf1eb23d6fe0b4906981d3f21c
On the Market - The New York Times,"Homes for Sale in Manhattan and QueensThis weeks properties are in Greenwich Village, on the Upper East Side and in Hunters Point. By Heather SenisonCreditYale Wagner for Sothebys International Realty Homes for Sale in New York and ConnecticutThis weeks properties are a four-bedroom house in Pleasantville, N.Y., and a five-bedroom house in Stamford, Conn. By Anne Mancuso and Alicia NapierkowskiCreditPedro Sousa-Jump Visual Five Homes for Sale With Dreamy PoolsA 1960s compound in the Berkshires, a tropical cottage in Miami, a quintessential Hamptons house, and two California retreats. By Daniela GornyCreditGavin Preuss - Home and Property Photography LLC Homes for Sale in Brooklyn and ManhattanThis weeks properties are in Williamsburg, on the Upper West Side and in Hudson Heights. By Heather SenisonCreditDonna Dotan, DDReps Homes for Sale in Manhattan and BrooklynThis weeks properties are in Hamilton Heights, Murray Hill and Downtown Brooklyn.By Heather Senison Homes for Sale in New York and New JerseyThis weeks properties are three-bedroom homes in Freeport, N.Y., and Roseland, N.J.By Claudia Gryvatz Copquin and Jill P. Capuzzo Homes for Sale in New York and New JerseyThis weeks properties are a four-bedroom in Laurel, N.Y., and a five-bedroom in Bridgewater, N.J.By Claudia Gryvatz Copquin and Jill P. Capuzzo Homes for Sale in Brooklyn and ManhattanThis weeks properties are in Bushwick, Kips Bay and Midtown East.By Heather Senison Homes for Sale in New York and ConnecticutThis weeks properties are in Chappaqua, N.Y., and New Fairfield, Conn.By Anne Mancuso and Alicia Napierkowski For Sale: Four 19th-Century Homes With TurretsThese homes feature conical roofs, stained-glass windows, curved walls and, of course, impressive turrets.By Daniela Gorny Weekend Getaways for Sale on the Jersey Shore, the East End and in the Hudson ValleyThis weeks properties are in Manasquan, N.J., and Southold, Southhampton, Accord, and Woodstock, N.Y.By Jill P. Capuzzo, Claudia Gryvatz Copquin and Heather Senison Homes for Sale in Manhattan and QueensThis weeks properties are in South Harlem, on the Upper West Side and in Bay Terrace.By Heather Senison Homes for Sale in Connecticut and New YorkThis weeks properties are a four-bedroom in Redding, Conn., and a three-bedroom in Long Beach, N.Y.By Alicia Napierkowski and Claudia Gryvatz Copquin Homes for Sale in New York and New JerseyThis weeks properties are a waterfront house in Long Beach, N.Y., and a lodge-like home in Jackson, N.J.By Claudia Gryvatz Copquin and Jill P. Capuzzo","Homes for Sale in Manhattan and QueensThis weeks properties are in Greenwich Village, on the Upper East Side and in Hunters Point. By Heather SenisonCreditYale Wagner for Sothebys International Realty Homes for Sale in New York and ConnecticutThis weeks properties are a four-bedroom house in Pleasantville, N.Y., and a five-bedroom house in Stamford, Conn. By Anne Mancuso and Alicia NapierkowskiCreditPedro Sousa-Jump Visual Five Homes for Sale With Dreamy PoolsA 1960s compound in the Berkshires, ...",[],,[],"A look at prime real estate listings in New York City and its suburbs, including photos, prices and pros and cons for each property.",,en,beautifulsoup,0.7,https://www.nytimes.com/column/on-the-market/,www.nytimes.com,housing,431,4,107.75,difficult,0.6032482598607889,0.12575757575757576,True,0.8,0.0,african_american,"{'african_american': 0.0, 'professional_development': 0.0, 'financial_empowerment': 0.0, 'income_optimization': 0.0, 'systemic_barriers': 0.0}",0,"['homes', 'sale', 'weeks', 'properties', 'heather']",2,955895e1d53fa7076d3cb88887d65216
What You Get - The New York Times,"750,000 Homes in Michigan, New Hampshire and TexasAn Arts  Crafts house in Detroit, a farmhouse in Sandwich and a midcentury modern in Campbell. By Angela SerratoreCreditSkyview Experts 2.8 Million Homes in New York, Pennsylvania and TennesseeA 19th-century farmhouse in Red Hook, N.Y., a Frank Lloyd Wright-inspired cottage in Port Allegany, Pa., and a 1949 house in Franklin, Tenn. By Angela SerratoreCreditArthur Kharzamanov 1 Million Homes in CuraçaoWillemstad, the Caribbean islands capital, offers Caribbean-style villas, modernist homes, and indoor-outdoor specialties. By Alison GregorCreditNH Real Estate  Associates 825,000 Homes in Nevada, Idaho and North CarolinaA midcentury modern house in Las Vegas, a home with river views in Bonners Ferry, Idaho, and a 1950s cottage in Charlotte, N.C. By Angela SerratoreCreditKatya Grozovskaya Pick Your Favorite 875,000 Home in MontrealA duplex in a converted 1899 mansion, a brick rowhouse from 1922, and a loft with floor-to-ceiling windows in Old Montreal.By Michael Kaminer 525,000 Homes in California, Indiana and FloridaA pair of Spanish-style bungalows in Twentynine Palms, Calif., a farmhouse in Whitestown, Ind., and a Craftsman in Tampa, Fla.By Angela Serratore 2.6 Million Homes in SicilyA stone house with views of Mount Etna, an 1893 villa with seven bedrooms, and a seaside house in six-bathroom house in Porto Ulisse.By Lana Bortolot 1.3 Million Homes in SwedenA 10-bedroom manor from 1806, a 25-acre farm estate near the Baltic Sea, and a five-bedroom modern farmhouse.By Roxana Popescu For Sale: Three Marrakesh Riads for Less Than 800,000Riads, the traditional open-air Moroccan homes or palaces, predominate in the Medina, Marrakeshs walled old city.By Michael Kaminer 1.8 Million Homes in Maine, California and GeorgiaA cottage in Belfast, Maine, a midcentury modern home in Los Angeles and an Arts  Crafts house in Athens, Ga.By Angela Serratore 2 Million Homes in Buenos AiresA modernist concrete house and two prewar apartments with vintage European style.By Lana Bortolot 600,000 Homes in Florida, Connecticut and ColoradoA 1920s house in Gainesville, Fla., an 18th-century farmhouse in North Stonington, Conn., and a Queen Anne Revival in Grand Junction, Colo.By Angela Serratore 1.8 Million Homes in BudapestA duplex penthouse in the heart of the city, a three-bedroom condo in a leafy neighborhood, and a four-bedroom house with a terraced garden.By Roxana Popescu 375,000 Homes in Kentucky, Indiana and ArkansasA bungalow in Louisville, Ky., a midcentury modern house in Indianapolis and a cottage in Little Rock, Ark.By Angela Serratore","750,000 Homes in Michigan, New Hampshire and TexasAn Arts  Crafts house in Detroit, a farmhouse in Sandwich and a midcentury modern in Campbell. By Angela SerratoreCreditSkyview Experts 2.8 Million Homes in New York, Pennsylvania and TennesseeA 19th-century farmhouse in Red Hook, N.Y., a Frank Lloyd Wright-inspired cottage in Port Allegany, Pa., and a 1949 house in Franklin, Tenn. By Angela SerratoreCreditArthur Kharzamanov 1 Million Homes in CuraçaoWillemstad, the Caribbean islands capital, off...",[],,[],"Comparing real estate at a given price, with detailed property descriptions and photos.",,en,beautifulsoup,0.7,https://www.nytimes.com/column/property-values/,www.nytimes.com,housing,441,3,147.0,difficult,0.6258503401360545,0.13342803030303033,True,0.8,0.0,african_american,"{'african_american': 0.0, 'professional_development': 0.0, 'financial_empowerment': 0.0, 'income_optimization': 0.0, 'systemic_barriers': 0.0}",0,"['homes', 'house', 'angela', 'million', 'modern']",2,ba2ec4ba6e7eea693658d3a4aa98c421
Is Trump giving up on his slush fund?,"President Donald Trump returns to the White House after spending the day at Trump National Golf Club in Sterling, Virginia, on May 31, 2026. Roberto Schmidt/Getty Images

This story appeared in The Logoff, a daily newsletter that helps you stay informed about the Trump administration without letting political news take over your life. Subscribe here.

Welcome to The Logoff: Donald Trump’s $1.8 billion slush fund is — maybe — done for.

What’s happening? On Monday, Axios reported that the Trump administration planned to drop its “anti-weaponization” fund — nearly $1.8 billion in taxpayer money set aside for Trump to dole out to whoever he and the fund’s board choose, free of supervision — amid legal challenges and growing Republican backlash.

The fund, announced in mid-May, was the product of a “settlement” between Trump and his own government over a $10 billion lawsuit Trump had brought against the IRS. A long list of Trump allies, including January 6 rioters, could have stood to receive millions from the fund.

What’s the context? On Friday, a federal district judge in Virginia temporarily blocked Trump’s fund from disbursing any money or taking any other actions until at least late next week, while another in Florida ordered Trump’s personal lawyers to justify the settlement reached with the Justice Department, raising the possibility that it could have been fraudulent.

What’s the big picture? It’s a little unclear what the fund’s exact status is, as of this writing; as one source told Axios on Monday, “The president likes the fund. … So nothing is final until it’s final.” Other reporters have pointed out that the court ruling that the Justice Department has promised to abide by is only temporary.

But the fund has also become toxic with some of the Republican senators whose votes Trump needs to advance a second reconciliation bill, enough so that concern about the fund delayed votes originally planned for last month. As Punchbowl News’s Jake Sherman points out, when the bill does move forward, it could also include language explicitly blocking the fund.

In other words, there are still avenues Trump could pursue to try to bring back the fund. But all things considered, this looks like an effort by DOJ to save face and back away from the issue permanently.

And with that, it’s time to log off…","President Donald Trump returns to the White House after spending the day at Trump National Golf Club in Sterling, Virginia, on May 31, 2026.
Welcome to The Logoff: Donald Trump’s $1.8 billion slush fund is — maybe — done for.
The fund, announced in mid-May, was the product of a “settlement” between Trump and his own government over a $10 billion lawsuit Trump had brought against the IRS.
A long list of Trump allies, including January 6 rioters, could have stood to receive millions from the fund.
But the fund has also become toxic with some of the Republican senators whose votes Trump needs to advance a second reconciliation bill, enough so that concern about the fund delayed votes originally planned for last month.","['president', 'settlement', 'planned', 'trump', 'virginia', 'votes', 'republican', 'billion', 'giving', 'slush', 'fund', 'trumps']",2026-06-01T22:10:00+00:00,['Cameron Peters'],Why Trump’s $1.8 billion “anti-weaponization” fund is on the rocks,[''],en,newspaper3k,0.9,https://www.vox.com/the-logoff-newsletter-trump/490543/trump-anti-weaponization-slush-fund-doj-settlement/,www.vox.com,mental_health_money,460,18,25.555555555555557,difficult,0.49019607843137253,0.05401785714285715,True,0.7,0.05,systemic_barriers,"{'african_american': 0.0, 'professional_development': 0.0, 'financial_empowerment': 0.0, 'income_optimization': 0.0, 'systemic_barriers': 0.1111111111111111}",1,"['president', 'settlement', 'planned', 'trump', 'virginia']",2,409df778eb410e63964a46aa54b91ffb
